Date,High,Low,Open,Close,Volume,Adj Close,ticker
2018-01-02,33.040000915527344,32.709999084472656,32.9900016784668,32.75,1744200.0,29.584583282470703,XLRE
2018-01-03,32.84000015258789,32.65999984741211,32.790000915527344,32.7599983215332,1715100.0,29.59361457824707,XLRE
2018-01-04,32.75,32.20000076293945,32.75,32.20000076293945,1824100.0,29.087743759155273,XLRE
2018-01-05,32.32500076293945,32.18000030517578,32.27000045776367,32.27000045776367,1400200.0,29.15097427368164,XLRE
2018-01-08,32.529998779296875,32.279998779296875,32.310001373291016,32.4900016784668,990600.0,29.34971809387207,XLRE
2018-01-09,32.4900016784668,32.099998474121094,32.470001220703125,32.119998931884766,1277200.0,29.015472412109375,XLRE
2018-01-10,31.979999542236328,31.469999313354492,31.969999313354492,31.6200008392334,2174500.0,28.563804626464844,XLRE
2018-01-11,31.739999771118164,31.351999282836914,31.700000762939453,31.420000076293945,1343200.0,28.38313102722168,XLRE
2018-01-12,31.43000030517578,31.10300064086914,31.389999389648438,31.190000534057617,1657200.0,28.17536163330078,XLRE
2018-01-16,31.850000381469727,31.270000457763672,31.3799991607666,31.34000015258789,5520200.0,28.31086540222168,XLRE
2018-01-17,31.610000610351562,31.309999465942383,31.43000030517578,31.520000457763672,1713400.0,28.473468780517578,XLRE
2018-01-18,31.479999542236328,31.170000076293945,31.469999313354492,31.219999313354492,2276600.0,28.20245933532715,XLRE
2018-01-19,31.459999084472656,31.200000762939453,31.299999237060547,31.440000534057617,1641000.0,28.401199340820312,XLRE
2018-01-22,31.75,31.43000030517578,31.459999084472656,31.739999771118164,2095700.0,28.67220687866211,XLRE
2018-01-23,32.22999954223633,31.75,31.809999465942383,32.22999954223633,1873300.0,29.11484146118164,XLRE
2018-01-24,32.2599983215332,32.0099983215332,32.13999938964844,32.13999938964844,2990100.0,29.03354263305664,XLRE
2018-01-25,32.13999938964844,31.864999771118164,32.119998931884766,32.06999969482422,2115900.0,28.97031021118164,XLRE
2018-01-26,32.16699981689453,31.90999984741211,32.08000183105469,32.15999984741211,1472300.0,29.05160903930664,XLRE
2018-01-29,32.11000061035156,31.760000228881836,32.06999969482422,31.790000915527344,2092900.0,28.71737289428711,XLRE
2018-01-30,31.780000686645508,31.549999237060547,31.649999618530273,31.65999984741211,2347200.0,28.599933624267578,XLRE
2018-01-31,32.31999969482422,31.530000686645508,31.709999084472656,32.310001373291016,4213100.0,29.18711280822754,XLRE
2018-02-01,32.41999816894531,31.65999984741211,32.209999084472656,31.719999313354492,3937800.0,28.65413475036621,XLRE
2018-02-02,31.6299991607666,31.15999984741211,31.399999618530273,31.360000610351562,3719200.0,28.328933715820312,XLRE
2018-02-05,31.59000015258789,30.489999771118164,31.25,30.549999237060547,7652400.0,27.59722328186035,XLRE
2018-02-06,30.65999984741211,29.81999969482422,30.290000915527344,30.489999771118164,6741200.0,27.543020248413086,XLRE
2018-02-07,30.8799991607666,30.31999969482422,30.420000076293945,30.350000381469727,10201500.0,27.41655158996582,XLRE
2018-02-08,30.56999969482422,29.3799991607666,30.280000686645508,29.399999618530273,10497600.0,26.55837631225586,XLRE
2018-02-09,30.31999969482422,29.170000076293945,29.549999237060547,30.09000015258789,9654500.0,27.18168067932129,XLRE
2018-02-12,30.31999969482422,29.440000534057617,30.219999313354492,30.170000076293945,5294500.0,27.253950119018555,XLRE
2018-02-13,30.479999542236328,29.989999771118164,30.09000015258789,30.389999389648438,3049300.0,27.452686309814453,XLRE
2018-02-14,30.231000900268555,29.739999771118164,30.100000381469727,30.200000762939453,4055300.0,27.281055450439453,XLRE
2018-02-15,30.530000686645508,30.09000015258789,30.219999313354492,30.479999542236328,2924100.0,27.533985137939453,XLRE
2018-02-16,30.81999969482422,30.469999313354492,30.479999542236328,30.68000030517578,7702800.0,27.714658737182617,XLRE
2018-02-20,30.84000015258789,30.350000381469727,30.520000457763672,30.3700008392334,12237200.0,27.434621810913086,XLRE
2018-02-21,30.469999313354492,29.809999465942383,30.360000610351562,29.809999465942383,3924000.0,26.92874526977539,XLRE
2018-02-22,30.40999984741211,29.93000030517578,29.93000030517578,30.149999618530273,2969600.0,27.235883712768555,XLRE
2018-02-23,30.700000762939453,30.209999084472656,30.280000686645508,30.700000762939453,3106500.0,27.732723236083984,XLRE
2018-02-26,30.84000015258789,30.60700035095215,30.790000915527344,30.809999465942383,2436200.0,27.83209228515625,XLRE
2018-02-27,30.850000381469727,30.149999618530273,30.84000015258789,30.149999618530273,5371800.0,27.235883712768555,XLRE
2018-02-28,30.559999465942383,30.110000610351562,30.309999465942383,30.110000610351562,3312500.0,27.199750900268555,XLRE
2018-03-01,30.43000030517578,29.860000610351562,30.1200008392334,29.959999084472656,5627200.0,27.06424903869629,XLRE
2018-03-02,29.920000076293945,29.610000610351562,29.850000381469727,29.860000610351562,4863200.0,26.97391128540039,XLRE
2018-03-05,30.385000228881836,29.65999984741211,29.739999771118164,30.280000686645508,2574200.0,27.353321075439453,XLRE
2018-03-06,30.489999771118164,30.09000015258789,30.270000457763672,30.399999618530273,11143400.0,27.46171760559082,XLRE
2018-03-07,30.600000381469727,30.170000076293945,30.239999771118164,30.530000686645508,19120500.0,27.579158782958984,XLRE
2018-03-08,30.770000457763672,30.489999771118164,30.6200008392334,30.770000457763672,2200900.0,27.79595947265625,XLRE
2018-03-09,30.969999313354492,30.632999420166016,30.780000686645508,30.969999313354492,2277300.0,27.976627349853516,XLRE
2018-03-12,31.195999145507812,30.93000030517578,30.969999313354492,31.1200008392334,3270400.0,28.11212921142578,XLRE
2018-03-13,31.3700008392334,31.09000015258789,31.200000762939453,31.219999313354492,2837200.0,28.20245933532715,XLRE
2018-03-14,31.364999771118164,31.15999984741211,31.299999237060547,31.280000686645508,3261600.0,28.25666618347168,XLRE
2018-03-15,31.415000915527344,31.139999389648438,31.309999465942383,31.280000686645508,3602400.0,28.25666618347168,XLRE
2018-03-16,31.309999465942383,30.985000610351562,31.06999969482422,31.260000228881836,2807500.0,28.404773712158203,XLRE
2018-03-19,31.260000228881836,30.770000457763672,31.260000228881836,30.950000762939453,4095700.0,28.123092651367188,XLRE
2018-03-20,31.190000534057617,30.823999404907227,30.969999313354492,30.940000534057617,3647200.0,28.11400604248047,XLRE
2018-03-21,31.030000686645508,30.520000457763672,30.940000534057617,30.65999984741211,4715800.0,27.859577178955078,XLRE
2018-03-22,31.020000457763672,30.520000457763672,30.6200008392334,30.549999237060547,5319800.0,27.75962257385254,XLRE
2018-03-23,30.639999389648438,29.989999771118164,30.600000381469727,30.06999969482422,6203100.0,27.323467254638672,XLRE
2018-03-26,30.53499984741211,30.1299991607666,30.31999969482422,30.479999542236328,4544100.0,27.69601821899414,XLRE
2018-03-27,30.959999084472656,30.190000534057617,30.489999771118164,30.530000686645508,6480500.0,27.741455078125,XLRE
2018-03-28,31.204999923706055,30.6299991607666,30.6299991607666,31.09000015258789,7058300.0,28.250301361083984,XLRE
2018-03-29,31.229999542236328,30.96500015258789,31.190000534057617,31.079999923706055,4264100.0,28.2412166595459,XLRE
2018-04-02,31.190000534057617,30.479999542236328,31.1200008392334,30.700000762939453,6294600.0,27.895925521850586,XLRE
2018-04-03,30.915000915527344,30.520000457763672,30.760000228881836,30.809999465942383,7277400.0,27.995878219604492,XLRE
2018-04-04,31.239999771118164,30.549999237060547,30.6200008392334,31.170000076293945,5217200.0,28.322994232177734,XLRE
2018-04-05,31.225000381469727,30.93000030517578,31.219999313354492,31.200000762939453,3365500.0,28.350257873535156,XLRE
2018-04-06,31.34000015258789,30.809999465942383,31.110000610351562,30.8799991607666,5657600.0,28.059484481811523,XLRE
2018-04-09,31.139999389648438,30.795000076293945,30.940000534057617,30.8700008392334,3302000.0,28.050399780273438,XLRE
2018-04-10,31.079999923706055,30.540000915527344,31.079999923706055,30.65999984741211,6040300.0,27.859577178955078,XLRE
2018-04-11,31.020000457763672,30.56999969482422,30.56999969482422,30.739999771118164,2896700.0,27.932270050048828,XLRE
2018-04-12,30.90999984741211,30.309999465942383,30.81999969482422,30.3799991607666,2634500.0,27.605152130126953,XLRE
2018-04-13,30.59000015258789,30.350000381469727,30.389999389648438,30.540000915527344,3011700.0,27.75054359436035,XLRE
2018-04-16,30.80500030517578,30.489999771118164,30.6200008392334,30.68000030517578,2515300.0,27.87775230407715,XLRE
2018-04-17,31.270000457763672,30.658000946044922,30.770000457763672,31.09000015258789,2845800.0,28.250301361083984,XLRE
2018-04-18,31.200000762939453,31.010000228881836,31.1299991607666,31.010000228881836,2118000.0,28.1776123046875,XLRE
2018-04-19,30.93000030517578,30.309999465942383,30.899999618530273,30.489999771118164,2723000.0,27.705108642578125,XLRE
2018-04-20,30.606000900268555,30.18000030517578,30.530000686645508,30.219999313354492,3173400.0,27.459766387939453,XLRE
2018-04-23,30.389999389648438,30.135000228881836,30.219999313354492,30.280000686645508,1929900.0,27.51428985595703,XLRE
2018-04-24,30.479999542236328,30.15999984741211,30.309999465942383,30.309999465942383,3914000.0,27.541545867919922,XLRE
2018-04-25,30.360000610351562,30.033000946044922,30.260000228881836,30.209999084472656,2337900.0,27.450679779052734,XLRE
2018-04-26,30.783000946044922,30.285999298095703,30.309999465942383,30.600000381469727,2621900.0,27.805057525634766,XLRE
2018-04-27,31.110000610351562,30.34000015258789,30.510000228881836,31.010000228881836,3408300.0,28.1776123046875,XLRE
2018-04-30,31.1299991607666,30.850000381469727,30.940000534057617,30.889999389648438,2895500.0,28.068571090698242,XLRE
2018-05-01,31.135000228881836,30.822999954223633,30.940000534057617,31.110000610351562,3077000.0,28.268476486206055,XLRE
2018-05-02,31.1299991607666,30.791000366210938,31.0,30.969999313354492,3362800.0,28.141263961791992,XLRE
2018-05-03,31.084999084472656,30.799999237060547,30.93000030517578,30.959999084472656,3260600.0,28.13217544555664,XLRE
2018-05-04,31.399999618530273,30.920000076293945,30.93000030517578,31.309999465942383,1804100.0,28.450210571289062,XLRE
2018-05-07,31.43000030517578,31.235000610351562,31.360000610351562,31.3700008392334,1737500.0,28.504730224609375,XLRE
2018-05-08,31.31999969482422,31.045000076293945,31.270000457763672,31.149999618530273,1693200.0,28.30482292175293,XLRE
2018-05-09,31.389999389648438,31.059999465942383,31.149999618530273,31.389999389648438,1498200.0,28.522903442382812,XLRE
2018-05-10,31.7450008392334,31.469999313354492,31.5,31.68000030517578,1628800.0,28.786415100097656,XLRE
2018-05-11,31.809999465942383,31.489999771118164,31.690000534057617,31.530000686645508,1206700.0,28.650117874145508,XLRE
2018-05-14,31.559999465942383,31.149999618530273,31.540000915527344,31.309999465942383,1882900.0,28.450210571289062,XLRE
2018-05-15,31.110000610351562,30.69499969482422,31.110000610351562,30.780000686645508,2371100.0,27.968616485595703,XLRE
2018-05-16,30.959999084472656,30.639999389648438,30.850000381469727,30.700000762939453,1562100.0,27.895925521850586,XLRE
2018-05-17,30.719999313354492,30.459999084472656,30.670000076293945,30.540000915527344,1758200.0,27.75054359436035,XLRE
2018-05-18,30.719999313354492,30.43000030517578,30.559999465942383,30.559999465942383,1395300.0,27.768712997436523,XLRE
2018-05-21,30.954999923706055,30.43000030517578,30.6299991607666,30.8700008392334,1477100.0,28.050399780273438,XLRE
2018-05-22,30.950000762939453,30.719999313354492,30.8700008392334,30.90999984741211,1567200.0,28.086740493774414,XLRE
2018-05-23,31.270000457763672,30.889999389648438,30.899999618530273,31.15999984741211,1543900.0,28.313907623291016,XLRE
2018-05-24,31.290000915527344,30.885000228881836,31.170000076293945,31.040000915527344,1537500.0,28.20486831665039,XLRE
2018-05-25,31.31999969482422,31.06999969482422,31.06999969482422,31.190000534057617,1713600.0,28.34117317199707,XLRE
2018-05-29,31.375,30.989999771118164,31.1200008392334,31.270000457763672,3255100.0,28.413862228393555,XLRE
2018-05-30,31.80500030517578,31.15999984741211,31.239999771118164,31.68000030517578,3589000.0,28.786415100097656,XLRE
2018-05-31,31.68000030517578,31.440000534057617,31.540000915527344,31.579999923706055,3811900.0,28.6955509185791,XLRE
2018-06-01,31.774999618530273,31.479999542236328,31.56999969482422,31.709999084472656,2424400.0,28.813676834106445,XLRE
2018-06-04,32.02000045776367,31.674999237060547,31.780000686645508,32.02000045776367,3660700.0,29.095361709594727,XLRE
2018-06-05,32.1349983215332,31.809999465942383,32.06999969482422,31.860000610351562,2623600.0,28.94997787475586,XLRE
2018-06-06,31.959999084472656,31.71500015258789,31.84000015258789,31.950000762939453,2120300.0,29.03175163269043,XLRE
2018-06-07,32.029998779296875,31.760000228881836,31.979999542236328,31.950000762939453,4379700.0,29.03175163269043,XLRE
2018-06-08,32.084999084472656,31.8700008392334,31.920000076293945,32.060001373291016,2237300.0,29.131710052490234,XLRE
2018-06-11,32.15999984741211,31.989999771118164,32.029998779296875,32.04999923706055,1788600.0,29.122617721557617,XLRE
2018-06-12,32.310001373291016,31.915000915527344,31.920000076293945,32.22999954223633,1508900.0,29.286178588867188,XLRE
2018-06-13,32.27000045776367,31.475000381469727,32.22999954223633,31.510000228881836,2002600.0,28.631940841674805,XLRE
2018-06-14,31.93899917602539,31.6299991607666,31.6299991607666,31.809999465942383,2131100.0,28.904539108276367,XLRE
2018-06-15,31.760000228881836,31.452999114990234,31.530000686645508,31.489999771118164,2439000.0,28.857805252075195,XLRE
2018-06-18,31.549999237060547,31.28499984741211,31.389999389648438,31.459999084472656,2107100.0,28.830310821533203,XLRE
2018-06-19,31.674999237060547,31.34000015258789,31.34000015258789,31.5,2535800.0,28.86697006225586,XLRE
2018-06-20,31.8700008392334,31.479999542236328,31.540000915527344,31.84000015258789,3725000.0,29.17854881286621,XLRE
2018-06-21,32.06999969482422,31.780000686645508,31.8700008392334,32.029998779296875,2827000.0,29.352664947509766,XLRE
2018-06-22,32.34000015258789,31.934999465942383,32.13999938964844,32.310001373291016,2292900.0,29.60926055908203,XLRE
2018-06-25,32.3849983215332,32.04499816894531,32.33000183105469,32.22999954223633,6956700.0,29.535945892333984,XLRE
2018-06-26,32.54499816894531,32.15999984741211,32.27000045776367,32.400001525878906,2106700.0,29.691740036010742,XLRE
2018-06-27,32.61000061035156,32.310001373291016,32.47999954223633,32.310001373291016,3679600.0,29.60926055908203,XLRE
2018-06-28,32.68000030517578,32.29999923706055,32.29999923706055,32.630001068115234,2795800.0,29.902515411376953,XLRE
2018-06-29,32.86000061035156,32.34000015258789,32.599998474121094,32.709999084472656,2923000.0,29.97582244873047,XLRE
2018-07-02,32.75,32.154998779296875,32.66999816894531,32.52000045776367,6280200.0,29.80171012878418,XLRE
2018-07-03,32.97999954223633,32.470001220703125,32.560001373291016,32.709999084472656,2916200.0,29.97582244873047,XLRE
2018-07-05,33.15999984741211,32.70500183105469,32.77000045776367,33.13999938964844,2699600.0,30.369882583618164,XLRE
2018-07-06,33.349998474121094,33.165000915527344,33.22999954223633,33.279998779296875,2440800.0,30.4981746673584,XLRE
2018-07-09,33.33000183105469,32.810001373291016,33.33000183105469,32.970001220703125,2344600.0,30.214092254638672,XLRE
2018-07-10,33.16999816894531,32.79999923706055,32.9900016784668,33.130001068115234,3077300.0,30.360721588134766,XLRE
2018-07-11,33.189998626708984,32.974998474121094,33.099998474121094,33.029998779296875,2347300.0,30.269073486328125,XLRE
2018-07-12,33.16999816894531,32.939998626708984,33.11000061035156,33.11000061035156,1660700.0,30.342390060424805,XLRE
2018-07-13,33.255001068115234,32.97999954223633,33.130001068115234,33.0,2142700.0,30.241586685180664,XLRE
2018-07-16,32.959999084472656,32.59400177001953,32.86000061035156,32.81999969482422,2759100.0,30.076627731323242,XLRE
2018-07-17,32.90999984741211,32.560001373291016,32.83000183105469,32.599998474121094,1720400.0,29.87502098083496,XLRE
2018-07-18,32.68000030517578,32.31999969482422,32.54999923706055,32.47999954223633,2092200.0,29.76504898071289,XLRE
2018-07-19,32.935001373291016,32.36000061035156,32.41999816894531,32.790000915527344,2363400.0,30.04913902282715,XLRE
2018-07-20,32.77000045776367,32.38999938964844,32.709999084472656,32.5,2041700.0,29.78337860107422,XLRE
2018-07-23,32.4900016784668,32.2130012512207,32.4900016784668,32.40999984741211,2796900.0,29.700902938842773,XLRE
2018-07-24,32.52000045776367,32.13999938964844,32.38999938964844,32.31999969482422,2104200.0,29.618425369262695,XLRE
2018-07-25,32.69499969482422,32.31999969482422,32.34000015258789,32.63999938964844,2608800.0,29.91167640686035,XLRE
2018-07-26,32.900001525878906,32.66999816894531,32.66999816894531,32.75,2256900.0,30.012483596801758,XLRE
2018-07-27,32.85499954223633,32.42100143432617,32.849998474121094,32.45000076293945,2666300.0,29.737558364868164,XLRE
2018-07-30,32.51499938964844,32.189998626708984,32.47999954223633,32.41999816894531,2941100.0,29.710067749023438,XLRE
2018-07-31,33.13999938964844,32.619998931884766,32.66999816894531,33.04999923706055,4027300.0,30.28740119934082,XLRE
2018-08-01,33.310001373291016,32.650001525878906,32.79999923706055,33.27000045776367,3776600.0,30.489015579223633,XLRE
2018-08-02,33.314998626708984,33.04800033569336,33.13999938964844,33.11000061035156,2963100.0,30.342390060424805,XLRE
2018-08-03,33.584999084472656,33.099998474121094,33.130001068115234,33.540000915527344,2721000.0,30.736446380615234,XLRE
2018-08-06,33.66999816894531,33.400001525878906,33.56999969482422,33.470001220703125,2860800.0,30.672298431396484,XLRE
2018-08-07,33.66999816894531,33.209999084472656,33.56999969482422,33.400001525878906,2122400.0,30.608156204223633,XLRE
2018-08-08,33.45000076293945,33.154998779296875,33.45000076293945,33.189998626708984,2437300.0,30.415700912475586,XLRE
2018-08-09,33.369998931884766,33.16999816894531,33.20000076293945,33.25,1937500.0,30.470684051513672,XLRE
2018-08-10,33.31999969482422,32.90999984741211,33.189998626708984,32.93000030517578,2656000.0,30.177438735961914,XLRE
2018-08-13,33.029998779296875,32.849998474121094,32.93000030517578,32.91999816894531,1652300.0,30.16827392578125,XLRE
2018-08-14,33.125,32.90999984741211,32.9900016784668,33.04999923706055,1559100.0,30.28740119934082,XLRE
2018-08-15,33.3650016784668,32.959999084472656,33.060001373291016,33.34000015258789,2608300.0,30.55316925048828,XLRE
2018-08-16,33.630001068115234,33.310001373291016,33.33000183105469,33.599998474121094,4032200.0,30.791431427001953,XLRE
2018-08-17,33.93000030517578,33.59000015258789,33.619998931884766,33.91999816894531,2608600.0,31.084680557250977,XLRE
2018-08-20,34.1349983215332,33.90999984741211,33.970001220703125,33.959999084472656,1947100.0,31.121339797973633,XLRE
2018-08-21,33.95000076293945,33.599998474121094,33.88999938964844,33.650001525878906,2117700.0,30.837263107299805,XLRE
2018-08-22,33.630001068115234,33.29999923706055,33.630001068115234,33.439998626708984,1380300.0,30.644805908203125,XLRE
2018-08-23,33.51499938964844,33.34000015258789,33.43000030517578,33.36000061035156,1233500.0,30.571495056152344,XLRE
2018-08-24,33.599998474121094,33.29999923706055,33.31999969482422,33.59000015258789,3533100.0,30.78226661682129,XLRE
2018-08-27,33.66999816894531,33.36000061035156,33.61000061035156,33.540000915527344,2515300.0,30.736446380615234,XLRE
2018-08-28,33.95000076293945,33.45000076293945,33.540000915527344,33.95000076293945,1887900.0,31.1121768951416,XLRE
2018-08-29,34.060001373291016,33.880001068115234,33.939998626708984,33.900001525878906,1468700.0,31.066354751586914,XLRE
2018-08-30,33.970001220703125,33.665000915527344,33.959999084472656,33.720001220703125,1730100.0,30.901405334472656,XLRE
2018-08-31,33.95000076293945,33.7400016784668,33.7599983215332,33.849998474121094,1579300.0,31.020532608032227,XLRE
2018-09-04,33.88999938964844,33.47999954223633,33.779998779296875,33.54999923706055,2310700.0,30.74561309814453,XLRE
2018-09-05,33.849998474121094,33.31999969482422,33.47999954223633,33.7599983215332,3257000.0,30.93805694580078,XLRE
2018-09-06,33.93000030517578,33.7599983215332,33.810001373291016,33.869998931884766,1960400.0,31.038867950439453,XLRE
2018-09-07,33.720001220703125,33.40999984741211,33.709999084472656,33.439998626708984,1899000.0,30.644805908203125,XLRE
2018-09-10,33.79999923706055,33.54999923706055,33.59000015258789,33.619998931884766,1797100.0,30.80975914001465,XLRE
2018-09-11,33.7400016784668,33.41999816894531,33.5099983215332,33.630001068115234,1534300.0,30.818927764892578,XLRE
2018-09-12,33.7599983215332,33.5099983215332,33.66999816894531,33.65999984741211,1388600.0,30.846418380737305,XLRE
2018-09-13,33.959999084472656,33.709999084472656,33.790000915527344,33.869998931884766,1576500.0,31.038867950439453,XLRE
2018-09-14,33.790000915527344,33.375,33.77000045776367,33.58000183105469,1828300.0,30.773101806640625,XLRE
2018-09-17,33.81999969482422,33.494998931884766,33.5,33.77000045776367,2338800.0,30.947221755981445,XLRE
2018-09-18,33.790000915527344,33.5,33.720001220703125,33.56999969482422,1451800.0,30.763938903808594,XLRE
2018-09-19,33.59000015258789,33.19499969482422,33.58000183105469,33.25,2033100.0,30.470684051513672,XLRE
2018-09-20,33.52000045776367,33.130001068115234,33.2599983215332,33.5,1928400.0,30.699790954589844,XLRE
2018-09-21,33.30500030517578,33.040000915527344,33.16999816894531,33.150001525878906,1954600.0,30.699790954589844,XLRE
2018-09-24,33.04999923706055,32.375,33.040000915527344,32.5,2862000.0,30.09783172607422,XLRE
2018-09-25,32.665000915527344,32.433998107910156,32.5,32.470001220703125,1710600.0,30.070051193237305,XLRE
2018-09-26,32.529998779296875,32.06999969482422,32.5,32.11000061035156,2323300.0,29.73666000366211,XLRE
2018-09-27,32.380001068115234,32.130001068115234,32.15999984741211,32.209999084472656,1599100.0,29.829265594482422,XLRE
2018-09-28,32.630001068115234,32.16999816894531,32.220001220703125,32.61000061035156,3145400.0,30.199705123901367,XLRE
2018-10-01,32.698001861572266,32.34000015258789,32.61000061035156,32.36000061035156,3654400.0,29.968185424804688,XLRE
2018-10-02,32.439998626708984,32.2599983215332,32.369998931884766,32.2599983215332,2752400.0,29.87557601928711,XLRE
2018-10-03,32.404998779296875,31.709999084472656,32.290000915527344,31.889999389648438,2625100.0,29.532920837402344,XLRE
2018-10-04,31.889999389648438,31.469999313354492,31.889999389648438,31.739999771118164,2934700.0,29.394006729125977,XLRE
2018-10-05,31.950000762939453,31.700000762939453,31.780000686645508,31.75,3406600.0,29.403268814086914,XLRE
2018-10-08,32.30500030517578,31.770000457763672,31.850000381469727,32.15999984741211,3076200.0,29.7829647064209,XLRE
2018-10-09,32.369998931884766,32.0099983215332,32.150001525878906,32.27000045776367,4429900.0,29.88483428955078,XLRE
2018-10-10,32.33000183105469,31.760000228881836,32.18000030517578,31.760000228881836,4361500.0,29.41253089904785,XLRE
2018-10-11,31.850000381469727,30.760000228881836,31.81999969482422,30.829999923706055,9558500.0,28.551267623901367,XLRE
2018-10-12,31.280000686645508,30.649999618530273,31.010000228881836,30.809999465942383,5288200.0,28.532747268676758,XLRE
2018-10-15,31.290000915527344,30.760000228881836,30.799999237060547,31.0,3894500.0,28.708703994750977,XLRE
2018-10-16,31.674999237060547,30.93000030517578,31.040000915527344,31.579999923706055,3272200.0,29.24583625793457,XLRE
2018-10-17,31.674999237060547,31.260000228881836,31.540000915527344,31.489999771118164,3449400.0,29.162487030029297,XLRE
2018-10-18,31.774999618530273,31.3700008392334,31.479999542236328,31.5,3345200.0,29.171749114990234,XLRE
2018-10-19,31.93000030517578,31.530000686645508,31.530000686645508,31.81999969482422,2999900.0,29.468090057373047,XLRE
2018-10-22,31.9950008392334,31.360000610351562,31.899999618530273,31.3700008392334,4269600.0,29.05135726928711,XLRE
2018-10-23,31.709999084472656,31.15999984741211,31.280000686645508,31.56999969482422,5159700.0,29.236572265625,XLRE
2018-10-24,32.209999084472656,31.559999465942383,31.6200008392334,31.940000534057617,5443600.0,29.5792236328125,XLRE
2018-10-25,32.4900016784668,31.860000610351562,32.0099983215332,32.31999969482422,5413800.0,29.931137084960938,XLRE
2018-10-26,32.220001220703125,31.309999465942383,32.18000030517578,31.479999542236328,8951600.0,29.15322494506836,XLRE
2018-10-29,32.150001525878906,31.709999084472656,31.709999084472656,32.0,6143200.0,29.634788513183594,XLRE
2018-10-30,32.75,31.959999084472656,32.040000915527344,32.529998779296875,7427400.0,30.12561798095703,XLRE
2018-10-31,32.529998779296875,32.02000045776367,32.529998779296875,32.09000015258789,4202400.0,29.718135833740234,XLRE
2018-11-01,32.314998626708984,31.969999313354492,32.18000030517578,32.209999084472656,4848800.0,29.829265594482422,XLRE
2018-11-02,32.279998779296875,31.579999923706055,32.27000045776367,31.940000534057617,6876800.0,29.5792236328125,XLRE
2018-11-05,32.58000183105469,32.02000045776367,32.02000045776367,32.470001220703125,4093100.0,30.070051193237305,XLRE
2018-11-06,32.65999984741211,32.40999984741211,32.470001220703125,32.650001525878906,2958800.0,30.23674774169922,XLRE
2018-11-07,33.029998779296875,32.625,32.81999969482422,33.0099983215332,3917900.0,30.57013511657715,XLRE
2018-11-08,33.08000183105469,32.79499816894531,32.970001220703125,33.08000183105469,2665000.0,30.634967803955078,XLRE
2018-11-09,33.20000076293945,32.93000030517578,33.029998779296875,33.119998931884766,3558700.0,30.672008514404297,XLRE
2018-11-12,33.4900016784668,33.130001068115234,33.130001068115234,33.189998626708984,2861900.0,30.736831665039062,XLRE
2018-11-13,33.349998474121094,33.0099983215332,33.189998626708984,33.2599983215332,6307600.0,30.801658630371094,XLRE
2018-11-14,33.380001068115234,33.08000183105469,33.380001068115234,33.25,4369000.0,30.792396545410156,XLRE
2018-11-15,33.18000030517578,32.66999816894531,33.119998931884766,32.9900016784668,7158900.0,30.551618576049805,XLRE
2018-11-16,33.459999084472656,32.939998626708984,32.97999954223633,33.459999084472656,3738100.0,30.986879348754883,XLRE
2018-11-19,33.7599983215332,33.310001373291016,33.470001220703125,33.54999923706055,4668200.0,31.07022476196289,XLRE
2018-11-20,33.650001525878906,33.099998474121094,33.41999816894531,33.11000061035156,6593700.0,30.662748336791992,XLRE
2018-11-21,33.36000061035156,32.939998626708984,33.150001525878906,33.09000015258789,3707500.0,30.644229888916016,XLRE
2018-11-23,33.130001068115234,32.779998779296875,33.0099983215332,32.970001220703125,2543000.0,30.533092498779297,XLRE
2018-11-26,33.18000030517578,32.849998474121094,33.04999923706055,33.040000915527344,3242200.0,30.597919464111328,XLRE
2018-11-27,33.22999954223633,32.86000061035156,33.02000045776367,33.220001220703125,3227200.0,30.764617919921875,XLRE
2018-11-28,33.529998779296875,33.08000183105469,33.220001220703125,33.4900016784668,3645700.0,31.014657974243164,XLRE
2018-11-29,33.69499969482422,33.279998779296875,33.47999954223633,33.529998779296875,2600700.0,31.051700592041016,XLRE
2018-11-30,33.8849983215332,33.46500015258789,33.630001068115234,33.849998474121094,4327200.0,31.34804916381836,XLRE
2018-12-03,34.029998779296875,33.70000076293945,33.900001525878906,34.0099983215332,5321300.0,31.49622344970703,XLRE
2018-12-04,34.130001068115234,33.5099983215332,33.959999084472656,33.560001373291016,6476800.0,31.079484939575195,XLRE
2018-12-06,34.5,33.09000015258789,33.47999954223633,34.47999954223633,6368500.0,31.931482315063477,XLRE
2018-12-07,34.380001068115234,33.86000061035156,34.369998931884766,33.959999084472656,5559900.0,31.449922561645508,XLRE
2018-12-10,33.9900016784668,33.314998626708984,33.959999084472656,33.83000183105469,9157900.0,31.32952880859375,XLRE
2018-12-11,34.13999938964844,33.869998931884766,33.9900016784668,33.88999938964844,4645200.0,31.38509750366211,XLRE
2018-12-12,34.119998931884766,33.224998474121094,34.02000045776367,33.25,4298900.0,30.792396545410156,XLRE
2018-12-13,33.7599983215332,33.279998779296875,33.279998779296875,33.47999954223633,4652700.0,31.005401611328125,XLRE
2018-12-14,33.52000045776367,33.209999084472656,33.380001068115234,33.41999816894531,4138700.0,30.9498348236084,XLRE
2018-12-17,33.540000915527344,32.099998474121094,33.459999084472656,32.16999816894531,7214000.0,29.792219161987305,XLRE
2018-12-18,32.72999954223633,32.33000183105469,32.459999084472656,32.4900016784668,8109100.0,30.088573455810547,XLRE
2018-12-19,32.779998779296875,32.09000015258789,32.52000045776367,32.189998626708984,12878000.0,29.810745239257812,XLRE
2018-12-20,32.32500076293945,31.579999923706055,32.310001373291016,31.799999237060547,11333000.0,29.44957160949707,XLRE
2018-12-21,32.099998474121094,30.91900062561035,31.600000381469727,30.950000762939453,15120000.0,28.998891830444336,XLRE
2018-12-24,31.100000381469727,29.801000595092773,31.100000381469727,29.809999465942383,10641000.0,27.930761337280273,XLRE
2018-12-26,30.770000457763672,29.520000457763672,29.90999984741211,30.760000228881836,10947900.0,28.820873260498047,XLRE
2018-12-27,30.84000015258789,29.93000030517578,30.559999465942383,30.829999923706055,14151800.0,28.886457443237305,XLRE
2018-12-28,31.239999771118164,30.677000045776367,31.110000610351562,30.940000534057617,10391000.0,28.98952293395996,XLRE
2018-12-31,31.049999237060547,30.510000228881836,31.040000915527344,31.0,7807200.0,29.04574203491211,XLRE
2019-01-02,30.850000381469727,30.110000610351562,30.799999237060547,30.290000915527344,10445000.0,28.380502700805664,XLRE
2019-01-03,30.93000030517578,30.25,30.260000228881836,30.43000030517578,9743800.0,28.511676788330078,XLRE
2019-01-04,31.020000457763672,30.469999313354492,30.68000030517578,30.739999771118164,9620900.0,28.802133560180664,XLRE
2019-01-07,31.219999313354492,30.75,30.780000686645508,31.0,5141800.0,29.04574203491211,XLRE
2019-01-08,31.610000610351562,31.09000015258789,31.190000534057617,31.540000915527344,7575900.0,29.55170249938965,XLRE
2019-01-09,31.6299991607666,31.139999389648438,31.579999923706055,31.40999984741211,5100800.0,29.429895401000977,XLRE
2019-01-10,31.950000762939453,31.260000228881836,31.31999969482422,31.90999984741211,7837200.0,29.89837646484375,XLRE
2019-01-11,31.989999771118164,31.68000030517578,31.809999465942383,31.969999313354492,3095100.0,29.954591751098633,XLRE
2019-01-14,32.060001373291016,31.739999771118164,31.850000381469727,31.8700008392334,2918300.0,29.860898971557617,XLRE
2019-01-15,32.29999923706055,31.889999389648438,31.889999389648438,32.22999954223633,3925000.0,30.19820213317871,XLRE
2019-01-16,32.51499938964844,32.11000061035156,32.20000076293945,32.380001068115234,7295900.0,30.338747024536133,XLRE
2019-01-17,32.58000183105469,32.290000915527344,32.34000015258789,32.540000915527344,3397100.0,30.488664627075195,XLRE
2019-01-18,32.66999816894531,32.39400100708008,32.66999816894531,32.65999984741211,7865600.0,30.60109519958496,XLRE
2019-01-22,32.720001220703125,32.33000183105469,32.630001068115234,32.599998474121094,8116300.0,30.544878005981445,XLRE
2019-01-23,32.77000045776367,32.40999984741211,32.77000045776367,32.619998931884766,3087500.0,30.563615798950195,XLRE
2019-01-24,32.82500076293945,32.38999938964844,32.56999969482422,32.75,4578000.0,30.6854248046875,XLRE
2019-01-25,33.15999984741211,32.65999984741211,32.86000061035156,33.130001068115234,3031400.0,31.04146385192871,XLRE
2019-01-28,33.4900016784668,32.959999084472656,33.02000045776367,33.459999084472656,5276000.0,31.350662231445312,XLRE
2019-01-29,33.7400016784668,33.279998779296875,33.34000015258789,33.720001220703125,2530000.0,31.594274520874023,XLRE
2019-01-30,34.119998931884766,33.630001068115234,33.7599983215332,34.0,5118100.0,31.856616973876953,XLRE
2019-01-31,34.38999938964844,33.65999984741211,33.970001220703125,34.33000183105469,7024500.0,32.16582489013672,XLRE
2019-02-01,34.470001220703125,33.66999816894531,34.380001068115234,34.119998931884766,9829200.0,31.96905517578125,XLRE
2019-02-04,34.34000015258789,33.79999923706055,34.08000183105469,34.31999969482422,6513600.0,32.15644836425781,XLRE
2019-02-05,34.560001373291016,34.130001068115234,34.36000061035156,34.54999923706055,4186000.0,32.3719482421875,XLRE
2019-02-06,34.4900016784668,34.165000915527344,34.45000076293945,34.279998779296875,3535200.0,32.11896514892578,XLRE
2019-02-07,34.584999084472656,34.09000015258789,34.20000076293945,34.56999969482422,6325300.0,32.390689849853516,XLRE
2019-02-08,34.66999816894531,34.369998931884766,34.43000030517578,34.56999969482422,2913100.0,32.390689849853516,XLRE
2019-02-11,34.720001220703125,34.45000076293945,34.599998474121094,34.66999816894531,2971900.0,32.4843864440918,XLRE
2019-02-12,34.70000076293945,34.292999267578125,34.70000076293945,34.43000030517578,8982900.0,32.259521484375,XLRE
2019-02-13,34.68000030517578,34.29999923706055,34.40999984741211,34.65999984741211,3751800.0,32.47501754760742,XLRE
2019-02-14,34.91999816894531,34.470001220703125,34.68000030517578,34.790000915527344,4007000.0,32.59681701660156,XLRE
2019-02-15,35.0099983215332,34.790000915527344,34.88999938964844,35.0,2674800.0,32.7935791015625,XLRE
2019-02-19,35.119998931884766,34.880001068115234,34.95000076293945,35.040000915527344,3921300.0,32.83106231689453,XLRE
2019-02-20,35.0,34.5629997253418,34.869998931884766,34.81999969482422,3200300.0,32.62492752075195,XLRE
2019-02-21,34.88999938964844,34.47999954223633,34.689998626708984,34.880001068115234,4484200.0,32.68114471435547,XLRE
2019-02-22,35.220001220703125,34.7599983215332,34.91999816894531,35.08000183105469,3477800.0,32.8685417175293,XLRE
2019-02-25,35.189998626708984,34.75,35.13999938964844,34.790000915527344,4075800.0,32.59681701660156,XLRE
2019-02-26,34.95000076293945,34.65999984741211,34.88999938964844,34.720001220703125,2674700.0,32.53123092651367,XLRE
2019-02-27,34.77000045776367,34.33000183105469,34.59000015258789,34.61000061035156,3252300.0,32.428165435791016,XLRE
2019-02-28,35.119998931884766,34.4900016784668,34.599998474121094,34.709999084472656,5002100.0,32.5218620300293,XLRE
2019-03-01,34.77000045776367,34.26499938964844,34.77000045776367,34.66999816894531,5897500.0,32.4843864440918,XLRE
2019-03-04,34.849998474121094,34.404998779296875,34.77000045776367,34.810001373291016,6178600.0,32.61556625366211,XLRE
2019-03-05,35.040000915527344,34.689998626708984,34.75,34.90999984741211,4066400.0,32.70925521850586,XLRE
2019-03-06,35.04999923706055,34.7599983215332,34.91999816894531,34.81999969482422,3832300.0,32.62492752075195,XLRE
2019-03-07,35.09000015258789,34.68000030517578,34.84000015258789,34.790000915527344,7592600.0,32.59681701660156,XLRE
2019-03-08,34.98500061035156,34.65599822998047,34.720001220703125,34.81999969482422,3103900.0,32.62492752075195,XLRE
2019-03-11,35.38999938964844,34.93199920654297,34.97999954223633,35.36000061035156,4124100.0,33.130889892578125,XLRE
2019-03-12,35.630001068115234,35.38999938964844,35.40999984741211,35.54999923706055,4323800.0,33.30890655517578,XLRE
2019-03-13,35.83000183105469,35.56999969482422,35.56999969482422,35.720001220703125,2726000.0,33.46819305419922,XLRE
2019-03-14,35.81999969482422,35.61000061035156,35.72999954223633,35.810001373291016,4504400.0,33.55251693725586,XLRE
2019-03-15,35.65999984741211,35.38999938964844,35.63999938964844,35.459999084472656,5436300.0,33.414939880371094,XLRE
2019-03-18,35.56999969482422,35.119998931884766,35.5,35.279998779296875,3318300.0,33.245323181152344,XLRE
2019-03-19,35.369998931884766,35.06999969482422,35.310001373291016,35.18000030517578,3464300.0,33.15108871459961,XLRE
2019-03-20,35.529998779296875,34.946998596191406,35.209999084472656,35.34000015258789,8689800.0,33.30186080932617,XLRE
2019-03-21,35.97999954223633,35.27000045776367,35.290000915527344,35.970001220703125,4798000.0,33.89552307128906,XLRE
2019-03-22,36.30699920654297,35.79999923706055,35.970001220703125,35.79999923706055,5026000.0,33.735328674316406,XLRE
2019-03-25,35.970001220703125,35.665000915527344,35.81999969482422,35.83000183105469,4370800.0,33.76360321044922,XLRE
2019-03-26,36.06999969482422,35.849998474121094,35.959999084472656,36.04999923706055,2357500.0,33.97090530395508,XLRE
2019-03-27,36.220001220703125,35.709999084472656,36.11000061035156,35.93000030517578,2939100.0,33.85783386230469,XLRE
2019-03-28,36.23500061035156,35.88999938964844,36.0099983215332,36.22999954223633,3626500.0,34.14052963256836,XLRE
2019-03-29,36.290000915527344,36.064998626708984,36.220001220703125,36.220001220703125,3565600.0,34.131103515625,XLRE
2019-04-01,36.290000915527344,35.77000045776367,36.27000045776367,36.11000061035156,6733100.0,34.02745056152344,XLRE
2019-04-02,36.48500061035156,35.880001068115234,36.150001525878906,36.41999816894531,6604200.0,34.3195686340332,XLRE
2019-04-03,36.540000915527344,36.099998474121094,36.40999984741211,36.380001068115234,3581300.0,34.28187561035156,XLRE
2019-04-04,36.43000030517578,36.11000061035156,36.41999816894531,36.27000045776367,3507700.0,34.17822265625,XLRE
2019-04-05,36.58700180053711,36.209999084472656,36.310001373291016,36.54999923706055,2869900.0,34.442073822021484,XLRE
2019-04-08,36.59000015258789,36.27000045776367,36.540000915527344,36.369998931884766,2918500.0,34.2724494934082,XLRE
2019-04-09,36.43000030517578,36.209999084472656,36.380001068115234,36.2599983215332,2094500.0,34.168800354003906,XLRE
2019-04-10,36.54999923706055,36.310001373291016,36.349998474121094,36.54999923706055,2606200.0,34.442073822021484,XLRE
2019-04-11,36.70000076293945,36.349998474121094,36.560001373291016,36.5,3705500.0,34.394954681396484,XLRE
2019-04-12,36.70000076293945,36.20000076293945,36.45000076293945,36.70000076293945,2691300.0,34.58342361450195,XLRE
2019-04-15,36.709999084472656,36.369998931884766,36.709999084472656,36.47999954223633,2115300.0,34.37611389160156,XLRE
2019-04-16,36.4900016784668,35.439998626708984,36.4900016784668,35.619998931884766,3994500.0,33.565711975097656,XLRE
2019-04-17,35.79999923706055,35.1349983215332,35.72999954223633,35.25,4323500.0,33.21704864501953,XLRE
2019-04-18,35.59000015258789,35.11000061035156,35.40999984741211,35.529998779296875,2756900.0,33.480899810791016,XLRE
2019-04-22,35.459999084472656,34.82500076293945,35.459999084472656,35.13999938964844,4012600.0,33.11339569091797,XLRE
2019-04-23,35.630001068115234,35.13999938964844,35.27000045776367,35.540000915527344,5469100.0,33.49032211303711,XLRE
2019-04-24,35.93000030517578,35.54999923706055,35.63999938964844,35.790000915527344,3304200.0,33.72590255737305,XLRE
2019-04-25,35.86000061035156,35.459999084472656,35.68000030517578,35.75,4198400.0,33.68821334838867,XLRE
2019-04-26,36.01499938964844,35.709999084472656,35.88999938964844,35.9900016784668,2517000.0,33.91437530517578,XLRE
2019-04-29,36.06999969482422,35.57500076293945,35.869998931884766,35.619998931884766,3256800.0,33.565711975097656,XLRE
2019-04-30,36.07500076293945,35.38999938964844,35.63999938964844,36.029998779296875,4650200.0,33.952064514160156,XLRE
2019-05-01,36.470001220703125,35.959999084472656,36.060001373291016,36.029998779296875,6051300.0,33.952064514160156,XLRE
2019-05-02,36.459999084472656,36.040000915527344,36.040000915527344,36.099998474121094,5382600.0,34.01802444458008,XLRE
2019-05-03,36.40999984741211,36.08000183105469,36.25,36.349998474121094,3223400.0,34.25360107421875,XLRE
2019-05-06,36.34000015258789,35.970001220703125,36.189998626708984,36.20000076293945,3377200.0,34.11225891113281,XLRE
2019-05-07,36.13999938964844,35.31999969482422,36.08000183105469,35.58000183105469,3711800.0,33.528018951416016,XLRE
2019-05-08,35.91999816894531,35.564998626708984,35.650001525878906,35.58000183105469,3831500.0,33.528018951416016,XLRE
2019-05-09,35.7400016784668,35.2599983215332,35.5,35.70000076293945,5684500.0,33.64109802246094,XLRE
2019-05-10,36.20000076293945,35.595001220703125,35.619998931884766,36.11000061035156,3268400.0,34.02745056152344,XLRE
2019-05-13,36.16999816894531,35.79999923706055,35.869998931884766,36.11000061035156,3392100.0,34.02745056152344,XLRE
2019-05-14,36.38999938964844,36.099998474121094,36.18000030517578,36.2400016784668,3984400.0,34.14995574951172,XLRE
2019-05-15,36.61000061035156,36.099998474121094,36.2400016784668,36.47999954223633,3478200.0,34.37611389160156,XLRE
2019-05-16,36.84000015258789,36.45000076293945,36.47999954223633,36.689998626708984,2834200.0,34.573997497558594,XLRE
2019-05-17,36.709999084472656,36.439998626708984,36.52000045776367,36.63999938964844,3403200.0,34.52688217163086,XLRE
2019-05-20,36.56999969482422,35.91999816894531,36.5099983215332,36.04999923706055,3472100.0,33.97090530395508,XLRE
2019-05-21,36.45500183105469,36.150001525878906,36.209999084472656,36.349998474121094,2353600.0,34.25360107421875,XLRE
2019-05-22,36.54999923706055,36.310001373291016,36.38999938964844,36.52000045776367,1982800.0,34.41380310058594,XLRE
2019-05-23,36.73500061035156,36.36000061035156,36.41999816894531,36.70000076293945,2521100.0,34.58342361450195,XLRE
2019-05-24,36.9900016784668,36.7400016784668,36.86000061035156,36.75,1523600.0,34.63053894042969,XLRE
2019-05-28,36.9900016784668,36.36000061035156,36.93000030517578,36.369998931884766,2496400.0,34.2724494934082,XLRE
2019-05-29,36.43000030517578,35.801998138427734,36.34000015258789,35.95000076293945,2648700.0,33.876678466796875,XLRE
2019-05-30,36.28499984741211,35.93000030517578,35.9900016784668,36.16999816894531,2656200.0,34.083984375,XLRE
2019-05-31,36.66999816894531,36.040000915527344,36.09000015258789,36.470001220703125,4582100.0,34.3666877746582,XLRE
2019-06-03,36.66999816894531,36.290000915527344,36.599998474121094,36.61000061035156,6621400.0,34.498619079589844,XLRE
2019-06-04,36.619998931884766,36.099998474121094,36.619998931884766,36.40999984741211,3596800.0,34.31014633178711,XLRE
2019-06-05,37.2599983215332,36.4900016784668,36.619998931884766,37.2400016784668,4495200.0,35.092281341552734,XLRE
2019-06-06,37.380001068115234,37.08000183105469,37.34000015258789,37.310001373291016,2272500.0,35.158241271972656,XLRE
2019-06-07,37.65999984741211,37.380001068115234,37.52000045776367,37.43000030517578,2114000.0,35.27132797241211,XLRE
2019-06-10,37.5099983215332,37.130001068115234,37.47999954223633,37.29999923706055,3041400.0,35.1488151550293,XLRE
2019-06-11,37.47999954223633,37.1150016784668,37.400001525878906,37.369998931884766,2472200.0,35.21478271484375,XLRE
2019-06-12,37.689998626708984,37.380001068115234,37.41999816894531,37.5099983215332,2555500.0,35.34670639038086,XLRE
2019-06-13,37.6150016784668,37.415000915527344,37.540000915527344,37.560001373291016,2511300.0,35.393821716308594,XLRE
2019-06-14,37.84600067138672,37.560001373291016,37.560001373291016,37.720001220703125,1945900.0,35.54459762573242,XLRE
2019-06-17,38.17499923706055,37.81999969482422,37.81999969482422,38.130001068115234,4130200.0,35.93095016479492,XLRE
2019-06-18,38.4900016784668,37.869998931884766,38.33000183105469,38.02000045776367,4654400.0,35.82729721069336,XLRE
2019-06-19,38.39500045776367,37.810001373291016,37.9900016784668,38.27000045776367,4654300.0,36.0628776550293,XLRE
2019-06-20,38.619998931884766,38.41999816894531,38.45000076293945,38.5,4478800.0,36.27961349487305,XLRE
2019-06-21,38.16999816894531,37.58000183105469,38.16999816894531,37.77000045776367,9512500.0,35.87405014038086,XLRE
2019-06-24,37.9900016784668,37.52000045776367,37.86000061035156,37.58000183105469,5083600.0,35.69358444213867,XLRE
2019-06-25,37.7599983215332,37.060001373291016,37.619998931884766,37.06999969482422,3829000.0,35.20918655395508,XLRE
2019-06-26,37.06999969482422,36.220001220703125,37.06999969482422,36.349998474121094,7944600.0,34.525325775146484,XLRE
2019-06-27,36.790000915527344,36.54999923706055,36.56999969482422,36.650001525878906,4578500.0,34.81027603149414,XLRE
2019-06-28,36.979000091552734,36.650001525878906,36.709999084472656,36.77000045776367,5010600.0,34.92424392700195,XLRE
2019-07-01,37.0,36.28499984741211,36.95000076293945,36.70000076293945,6775000.0,34.85776138305664,XLRE
2019-07-02,37.38999938964844,36.77000045776367,36.79999923706055,37.380001068115234,5959000.0,35.503623962402344,XLRE
2019-07-03,37.93000030517578,37.448001861572266,37.4900016784668,37.91999816894531,3519500.0,36.016517639160156,XLRE
2019-07-05,37.8390007019043,37.130001068115234,37.63999938964844,37.709999084472656,5079200.0,35.817054748535156,XLRE
2019-07-08,37.93000030517578,37.619998931884766,37.68000030517578,37.849998474121094,3435900.0,35.950035095214844,XLRE
2019-07-09,38.095001220703125,37.720001220703125,37.77000045776367,38.04999923706055,3166600.0,36.139991760253906,XLRE
2019-07-10,38.310001373291016,37.970001220703125,38.189998626708984,38.2599983215332,8591200.0,36.33945083618164,XLRE
2019-07-11,38.209999084472656,37.60499954223633,38.20000076293945,37.77000045776367,5157600.0,35.87405014038086,XLRE
2019-07-12,37.84000015258789,37.494998931884766,37.790000915527344,37.619998931884766,3620400.0,35.73157501220703,XLRE
2019-07-15,37.91999816894531,37.56999969482422,37.70000076293945,37.66999816894531,2650100.0,35.77906799316406,XLRE
2019-07-16,37.74599838256836,37.4900016784668,37.630001068115234,37.61000061035156,3533000.0,35.722084045410156,XLRE
2019-07-17,37.83000183105469,37.224998474121094,37.709999084472656,37.41999816894531,3227300.0,35.5416145324707,XLRE
2019-07-18,37.52000045776367,37.130001068115234,37.33000183105469,37.40999984741211,4028800.0,35.53211975097656,XLRE
2019-07-19,37.4900016784668,36.7599983215332,37.45000076293945,36.79999923706055,4515800.0,34.95273971557617,XLRE
2019-07-22,36.88999938964844,36.60499954223633,36.849998474121094,36.7599983215332,3031000.0,34.91474533081055,XLRE
2019-07-23,37.130001068115234,36.720001220703125,36.849998474121094,37.119998931884766,3084800.0,35.256675720214844,XLRE
2019-07-24,37.209999084472656,36.959999084472656,37.16999816894531,37.09000015258789,2663600.0,35.228187561035156,XLRE
2019-07-25,37.130001068115234,36.77000045776367,37.04999923706055,36.93000030517578,3237500.0,35.07621383666992,XLRE
2019-07-26,37.150001525878906,36.77000045776367,36.959999084472656,37.04999923706055,2822300.0,35.190189361572266,XLRE
2019-07-29,37.439998626708984,37.119998931884766,37.13999938964844,37.189998626708984,3030900.0,35.32316207885742,XLRE
2019-07-30,37.67499923706055,37.18000030517578,37.189998626708984,37.560001373291016,3455600.0,35.674591064453125,XLRE
2019-07-31,37.88999938964844,37.189998626708984,37.599998474121094,37.40999984741211,6644000.0,35.53211975097656,XLRE
2019-08-01,37.84000015258789,37.15999984741211,37.52000045776367,37.5,9956300.0,35.61759948730469,XLRE
2019-08-02,38.04499816894531,37.46500015258789,37.540000915527344,37.790000915527344,4953600.0,35.893043518066406,XLRE
2019-08-05,37.720001220703125,36.619998931884766,37.70000076293945,37.06999969482422,6359700.0,35.20918655395508,XLRE
2019-08-06,37.68000030517578,37.02000045776367,37.150001525878906,37.529998779296875,6841500.0,35.646095275878906,XLRE
2019-08-07,38.130001068115234,36.95500183105469,37.560001373291016,37.880001068115234,7396200.0,35.97852325439453,XLRE
2019-08-08,38.47999954223633,37.599998474121094,37.93000030517578,38.47999954223633,5601800.0,36.54840850830078,XLRE
2019-08-09,38.630001068115234,38.09000015258789,38.38999938964844,38.470001220703125,4695700.0,36.53891372680664,XLRE
2019-08-12,38.584999084472656,38.20500183105469,38.459999084472656,38.43000030517578,4115300.0,36.50091552734375,XLRE
2019-08-13,38.599998474121094,38.09000015258789,38.439998626708984,38.459999084472656,5176100.0,36.52941131591797,XLRE
2019-08-14,38.36000061035156,37.810001373291016,38.36000061035156,37.86000061035156,5999600.0,35.959529876708984,XLRE
2019-08-15,38.470001220703125,37.86000061035156,37.970001220703125,38.38999938964844,5501400.0,36.46292495727539,XLRE
2019-08-16,38.7599983215332,38.369998931884766,38.47999954223633,38.65999984741211,3766700.0,36.7193717956543,XLRE
2019-08-19,39.09000015258789,38.650001525878906,38.84000015258789,39.0099983215332,2930000.0,37.05179977416992,XLRE
2019-08-20,39.150001525878906,38.689998626708984,39.060001373291016,38.720001220703125,3245400.0,36.776363372802734,XLRE
2019-08-21,38.97700119018555,38.65999984741211,38.810001373291016,38.880001068115234,3480700.0,36.92832946777344,XLRE
2019-08-22,39.11000061035156,38.63999938964844,38.91999816894531,39.06999969482422,2511100.0,37.108795166015625,XLRE
2019-08-23,39.3380012512207,38.415000915527344,39.08000183105469,38.58000183105469,6048100.0,36.64339065551758,XLRE
2019-08-26,38.95000076293945,38.59000015258789,38.77000045776367,38.939998626708984,3621000.0,36.98531723022461,XLRE
2019-08-27,39.22999954223633,38.790000915527344,39.119998931884766,38.810001373291016,3042200.0,36.861839294433594,XLRE
2019-08-28,38.9900016784668,38.724998474121094,38.83000183105469,38.91999816894531,3129500.0,36.96631622314453,XLRE
2019-08-29,39.26499938964844,38.97999954223633,39.130001068115234,39.20000076293945,3070700.0,37.23226547241211,XLRE
2019-08-30,39.38999938964844,39.09000015258789,39.31999969482422,39.209999084472656,3623100.0,37.24176025390625,XLRE
2019-09-03,39.77000045776367,39.130001068115234,39.150001525878906,39.77000045776367,6160800.0,37.77365493774414,XLRE
2019-09-04,40.13999938964844,39.849998474121094,39.959999084472656,40.099998474121094,3541500.0,38.08708572387695,XLRE
2019-09-05,40.11000061035156,39.61000061035156,40.099998474121094,39.75,3925900.0,37.75465393066406,XLRE
2019-09-06,39.98699951171875,39.689998626708984,39.77000045776367,39.79999923706055,2457600.0,37.802146911621094,XLRE
2019-09-09,39.83000183105469,39.400001525878906,39.81999969482422,39.5,4618900.0,37.517208099365234,XLRE
2019-09-10,39.310001373291016,38.650001525878906,39.310001373291016,38.91999816894531,5632900.0,36.96631622314453,XLRE
2019-09-11,38.939998626708984,38.61000061035156,38.86000061035156,38.83000183105469,7353200.0,36.88084030151367,XLRE
2019-09-12,39.310001373291016,38.7599983215332,39.119998931884766,39.060001373291016,5425200.0,37.09929275512695,XLRE
2019-09-13,39.15999984741211,38.46500015258789,38.95000076293945,38.59000015258789,5653800.0,36.65288162231445,XLRE
2019-09-16,39.0099983215332,38.540000915527344,38.58000183105469,38.9900016784668,4535700.0,37.032806396484375,XLRE
2019-09-17,39.54999923706055,39.150001525878906,39.15999984741211,39.540000915527344,6054200.0,37.555198669433594,XLRE
2019-09-18,39.709999084472656,39.03300094604492,39.63999938964844,39.41999816894531,4031700.0,37.441219329833984,XLRE
2019-09-19,39.689998626708984,39.380001068115234,39.47999954223633,39.54999923706055,3941500.0,37.564697265625,XLRE
2019-09-20,39.439998626708984,39.099998474121094,39.369998931884766,39.119998931884766,5392500.0,37.4050178527832,XLRE
2019-09-23,39.42499923706055,39.02000045776367,39.09000015258789,39.2599983215332,3196700.0,37.538875579833984,XLRE
2019-09-24,39.4900016784668,39.029998779296875,39.36000061035156,39.209999084472656,6528700.0,37.49106979370117,XLRE
2019-09-25,39.34000015258789,39.029998779296875,39.220001220703125,39.16999816894531,3912600.0,37.452823638916016,XLRE
2019-09-26,39.62799835205078,39.2599983215332,39.290000915527344,39.54999923706055,2565600.0,37.816165924072266,XLRE
2019-09-27,39.63999938964844,38.97999954223633,39.619998931884766,39.290000915527344,3350700.0,37.56756591796875,XLRE
2019-09-30,39.54999923706055,39.279998779296875,39.31999969482422,39.34000015258789,3492500.0,37.61537170410156,XLRE
2019-10-01,39.400001525878906,38.849998474121094,39.29999923706055,39.0,6075600.0,37.290279388427734,XLRE
2019-10-02,39.04499816894531,38.529998779296875,38.95000076293945,38.7599983215332,5305300.0,37.06079864501953,XLRE
2019-10-03,39.29999923706055,38.70000076293945,38.7599983215332,39.220001220703125,6328400.0,37.500633239746094,XLRE
2019-10-04,39.4900016784668,39.2400016784668,39.279998779296875,39.400001525878906,2653300.0,37.67274475097656,XLRE
2019-10-07,39.5099983215332,39.150001525878906,39.29999923706055,39.33000183105469,3165800.0,37.605812072753906,XLRE
2019-10-08,39.46500015258789,38.939998626708984,39.29999923706055,39.13999938964844,4616600.0,37.42414093017578,XLRE
2019-10-09,39.41999816894531,39.165000915527344,39.290000915527344,39.2599983215332,2969000.0,37.538875579833984,XLRE
2019-10-10,39.41999816894531,39.040000915527344,39.209999084472656,39.36000061035156,3373400.0,37.634498596191406,XLRE
2019-10-11,39.56999969482422,39.189998626708984,39.470001220703125,39.22999954223633,4949200.0,37.510196685791016,XLRE
2019-10-14,39.439998626708984,39.11000061035156,39.2599983215332,39.290000915527344,1794100.0,37.56756591796875,XLRE
2019-10-15,39.369998931884766,38.9900016784668,39.29999923706055,39.31999969482422,3091100.0,37.59625244140625,XLRE
2019-10-16,39.36000061035156,39.01499938964844,39.31999969482422,39.27000045776367,5929800.0,37.54844284057617,XLRE
2019-10-17,39.63999938964844,39.27000045776367,39.369998931884766,39.529998779296875,4775600.0,37.79704284667969,XLRE
2019-10-18,39.9900016784668,39.52000045776367,39.52000045776367,39.90999984741211,2313300.0,38.16038513183594,XLRE
2019-10-21,40.209999084472656,39.810001373291016,39.91999816894531,40.18000030517578,1957300.0,38.418548583984375,XLRE
2019-10-22,40.34000015258789,40.0099983215332,40.27000045776367,40.060001373291016,2226000.0,38.303810119628906,XLRE
2019-10-23,40.22999954223633,39.790000915527344,40.08000183105469,40.130001068115234,2159900.0,38.37074279785156,XLRE
2019-10-24,40.2599983215332,39.8650016784668,40.209999084472656,39.97999954223633,1781800.0,38.22731399536133,XLRE
2019-10-25,39.95000076293945,39.400001525878906,39.88999938964844,39.4900016784668,2842500.0,37.75879669189453,XLRE
2019-10-28,39.47800064086914,38.9900016784668,39.41999816894531,39.06999969482422,3318300.0,37.35721206665039,XLRE
2019-10-29,39.41999816894531,39.060001373291016,39.130001068115234,39.16999816894531,2167200.0,37.452823638916016,XLRE
2019-10-30,39.459999084472656,38.95000076293945,39.25,39.459999084472656,2637400.0,37.73011016845703,XLRE
2019-10-31,39.58000183105469,39.18000030517578,39.529998779296875,39.33000183105469,3263900.0,37.605812072753906,XLRE
2019-11-01,39.51499938964844,38.81999969482422,39.380001068115234,39.22999954223633,3370000.0,37.510196685791016,XLRE
2019-11-04,39.20000076293945,38.7400016784668,39.15999984741211,38.790000915527344,3045400.0,37.08948516845703,XLRE
2019-11-05,38.66999816894531,37.88999938964844,38.66999816894531,38.119998931884766,6643600.0,36.448856353759766,XLRE
2019-11-06,38.43899917602539,38.1349983215332,38.16999816894531,38.2599983215332,2425600.0,36.58271789550781,XLRE
2019-11-07,38.15999984741211,37.71500015258789,38.150001525878906,37.849998474121094,3725800.0,36.19068908691406,XLRE
2019-11-08,38.04999923706055,37.68000030517578,37.77000045776367,37.779998779296875,2612100.0,36.12376022338867,XLRE
2019-11-11,37.98699951171875,37.75,37.7599983215332,37.849998474121094,2538700.0,36.19068908691406,XLRE
2019-11-12,38.10599899291992,37.54999923706055,37.849998474121094,37.599998474121094,6213800.0,35.9516487121582,XLRE
2019-11-13,38.06999969482422,37.63999938964844,37.65999984741211,37.97999954223633,2220800.0,36.31499481201172,XLRE
2019-11-14,38.36000061035156,38.02000045776367,38.06999969482422,38.36000061035156,2525100.0,36.67833709716797,XLRE
2019-11-15,38.560001373291016,38.27000045776367,38.38999938964844,38.54999923706055,2615000.0,36.86000442504883,XLRE
2019-11-18,38.93000030517578,38.56999969482422,38.599998474121094,38.7599983215332,2835500.0,37.06079864501953,XLRE
2019-11-19,38.93000030517578,38.689998626708984,38.83000183105469,38.84000015258789,3345100.0,37.13729476928711,XLRE
2019-11-20,38.95000076293945,38.612998962402344,38.810001373291016,38.86000061035156,5711400.0,37.15641784667969,XLRE
2019-11-21,38.77000045776367,38.29100036621094,38.77000045776367,38.34000015258789,3556100.0,36.659210205078125,XLRE
2019-11-22,38.400001525878906,37.935001373291016,38.380001068115234,38.119998931884766,3614400.0,36.448856353759766,XLRE
2019-11-25,38.40999984741211,38.084999084472656,38.20000076293945,38.150001525878906,2712000.0,36.477542877197266,XLRE
2019-11-26,38.68000030517578,38.150001525878906,38.18000030517578,38.68000030517578,4916300.0,36.984310150146484,XLRE
2019-11-27,38.810001373291016,38.5099983215332,38.65999984741211,38.79999923706055,2605700.0,37.09904479980469,XLRE
2019-11-29,38.95000076293945,38.61000061035156,38.77000045776367,38.650001525878906,2550800.0,36.955623626708984,XLRE
2019-12-02,38.619998931884766,37.939998626708984,38.54999923706055,37.939998626708984,6651500.0,36.2767448425293,XLRE
2019-12-03,38.31999969482422,37.90999984741211,37.91999816894531,38.25,3584000.0,36.573158264160156,XLRE
2019-12-04,38.54499816894531,38.09000015258789,38.16999816894531,38.45000076293945,2283800.0,36.76438903808594,XLRE
2019-12-05,38.5099983215332,38.23500061035156,38.38999938964844,38.5099983215332,3042200.0,36.821754455566406,XLRE
2019-12-06,38.70000076293945,38.48500061035156,38.52000045776367,38.52000045776367,3855600.0,36.831321716308594,XLRE
2019-12-09,38.68000030517578,38.415000915527344,38.56999969482422,38.56999969482422,2562300.0,36.879127502441406,XLRE
2019-12-10,38.709999084472656,38.20000076293945,38.599998474121094,38.29999923706055,7303200.0,36.62096405029297,XLRE
2019-12-11,38.38999938964844,37.880001068115234,38.38999938964844,38.0099983215332,6222900.0,36.34367752075195,XLRE
2019-12-12,38.15999984741211,37.439998626708984,38.029998779296875,37.54999923706055,7621000.0,35.90384292602539,XLRE
2019-12-13,37.72999954223633,37.2599983215332,37.540000915527344,37.59000015258789,6152000.0,35.94209671020508,XLRE
2019-12-16,37.9900016784668,37.415000915527344,37.650001525878906,37.880001068115234,5093900.0,36.21937561035156,XLRE
2019-12-17,38.0,37.39500045776367,37.95000076293945,37.470001220703125,4452000.0,35.82735061645508,XLRE
2019-12-18,38.06999969482422,37.470001220703125,37.470001220703125,38.0,3504100.0,36.33411407470703,XLRE
2019-12-19,38.38999938964844,37.88999938964844,37.959999084472656,38.36000061035156,3334500.0,36.67833709716797,XLRE
2019-12-20,38.345001220703125,38.04999923706055,38.099998474121094,38.2400016784668,3691800.0,36.961544036865234,XLRE
2019-12-23,38.36000061035156,37.939998626708984,38.310001373291016,38.0099983215332,3000600.0,36.739227294921875,XLRE
2019-12-24,38.150001525878906,37.91999816894531,38.040000915527344,38.060001373291016,1120200.0,36.787559509277344,XLRE
2019-12-26,38.310001373291016,38.060001373291016,38.13999938964844,38.290000915527344,1607200.0,37.00987243652344,XLRE
2019-12-27,38.470001220703125,38.26499938964844,38.40999984741211,38.43000030517578,1828500.0,37.14518737792969,XLRE
2019-12-30,38.459999084472656,38.220001220703125,38.349998474121094,38.400001525878906,2638400.0,37.11619567871094,XLRE
2019-12-31,38.709999084472656,38.349998474121094,38.380001068115234,38.66999816894531,3675000.0,37.377159118652344,XLRE
2020-01-02,38.849998474121094,38.06999969482422,38.790000915527344,38.220001220703125,4380100.0,36.94221115112305,XLRE
2020-01-03,38.584999084472656,37.970001220703125,37.9900016784668,38.5,3499000.0,37.21284484863281,XLRE
2020-01-06,38.65999984741211,38.349998474121094,38.43000030517578,38.5099983215332,3097200.0,37.222511291503906,XLRE
2020-01-07,38.400001525878906,37.8849983215332,38.400001525878906,38.09000015258789,3550600.0,36.81655502319336,XLRE
2020-01-08,38.34000015258789,37.9900016784668,38.130001068115234,38.279998779296875,5089000.0,37.00020217895508,XLRE
2020-01-09,38.36000061035156,38.150001525878906,38.25,38.27000045776367,2885000.0,36.990535736083984,XLRE
2020-01-10,38.6510009765625,38.26499938964844,38.349998474121094,38.63999938964844,6513200.0,37.348167419433594,XLRE
2020-01-13,39.11000061035156,38.650001525878906,38.65999984741211,39.11000061035156,2988100.0,37.802452087402344,XLRE
2020-01-14,39.06999969482422,38.70500183105469,39.06999969482422,38.91999816894531,3720200.0,37.61880874633789,XLRE
2020-01-15,39.310001373291016,39.0099983215332,39.02000045776367,39.189998626708984,4468700.0,37.87977600097656,XLRE
2020-01-16,39.540000915527344,39.18000030517578,39.279998779296875,39.540000915527344,4244500.0,38.21807861328125,XLRE
2020-01-17,39.72999954223633,39.470001220703125,39.52000045776367,39.59000015258789,3014700.0,38.26640701293945,XLRE
2020-01-21,40.02000045776367,39.529998779296875,39.599998474121094,39.9900016784668,2329500.0,38.653038024902344,XLRE
2020-01-22,40.209999084472656,39.599998474121094,40.099998474121094,39.66999816894531,5815200.0,38.34373092651367,XLRE
2020-01-23,40.08000183105469,39.59000015258789,39.689998626708984,40.04999923706055,2637800.0,38.711029052734375,XLRE
2020-01-24,40.20500183105469,39.84000015258789,40.130001068115234,39.9900016784668,2397900.0,38.653038024902344,XLRE
2020-01-27,39.970001220703125,39.709999084472656,39.75,39.81999969482422,6741600.0,38.48871612548828,XLRE
2020-01-28,40.0890007019043,39.77000045776367,39.869998931884766,39.91999816894531,2904300.0,38.58537292480469,XLRE
2020-01-29,40.13999938964844,39.66999816894531,40.04999923706055,39.709999084472656,5409600.0,38.38239669799805,XLRE
2020-01-30,39.83300018310547,39.5099983215332,39.58000183105469,39.79999923706055,3847400.0,38.469383239746094,XLRE
2020-01-31,39.75,39.1349983215332,39.70000076293945,39.22999954223633,7586200.0,37.91844177246094,XLRE
2020-02-03,39.63800048828125,39.23500061035156,39.38999938964844,39.27000045776367,6254800.0,37.95710372924805,XLRE
2020-02-04,39.92499923706055,39.334999084472656,39.40999984741211,39.779998779296875,5309500.0,38.45005416870117,XLRE
2020-02-05,39.91999816894531,39.650001525878906,39.81999969482422,39.75,3049300.0,38.421058654785156,XLRE
2020-02-06,40.0099983215332,39.79999923706055,39.880001068115234,39.91999816894531,2676700.0,38.58537292480469,XLRE
2020-02-07,39.98500061035156,39.82500076293945,39.939998626708984,39.939998626708984,3216600.0,38.604705810546875,XLRE
2020-02-10,40.41999816894531,40.029998779296875,40.06999969482422,40.400001525878906,3489300.0,39.04932403564453,XLRE
2020-02-11,41.16999816894531,40.540000915527344,40.540000915527344,40.88999938964844,10001700.0,39.522945404052734,XLRE
2020-02-12,41.25,40.790000915527344,40.939998626708984,41.150001525878906,2539700.0,39.77425003051758,XLRE
2020-02-13,41.494998931884766,41.040000915527344,41.09000015258789,41.400001525878906,2825500.0,40.01589584350586,XLRE
2020-02-14,41.88999938964844,41.439998626708984,41.5,41.880001068115234,2235200.0,40.4798469543457,XLRE
2020-02-18,41.93000030517578,41.59000015258789,41.93000030517578,41.84000015258789,3260100.0,40.441184997558594,XLRE
2020-02-19,41.849998474121094,41.25,41.849998474121094,41.25,2606100.0,39.870906829833984,XLRE
2020-02-20,41.7400016784668,41.15999984741211,41.36000061035156,41.709999084472656,3901800.0,40.31552505493164,XLRE
2020-02-21,42.0,41.65999984741211,41.709999084472656,41.93000030517578,2986900.0,40.52817153930664,XLRE
2020-02-24,41.814998626708984,41.180999755859375,41.439998626708984,41.369998931884766,4703100.0,39.98689651489258,XLRE
2020-02-25,41.619998931884766,40.18000030517578,41.47999954223633,40.33000183105469,9190200.0,38.981666564941406,XLRE
2020-02-26,40.69499969482422,39.89099884033203,40.380001068115234,39.97999954223633,8641900.0,38.643367767333984,XLRE
2020-02-27,39.47999954223633,37.709999084472656,39.31999969482422,37.720001220703125,15861500.0,36.458919525146484,XLRE
2020-02-28,37.15999984741211,35.69300079345703,36.91999816894531,36.790000915527344,44499000.0,35.560020446777344,XLRE
2020-03-02,38.630001068115234,36.880001068115234,36.970001220703125,38.619998931884766,19686200.0,37.328834533691406,XLRE
2020-03-03,39.55500030517578,38.220001220703125,38.70000076293945,38.59000015258789,37983700.0,37.299835205078125,XLRE
2020-03-04,40.13999938964844,39.040000915527344,39.099998474121094,40.09000015258789,13712900.0,38.749691009521484,XLRE
2020-03-05,39.75,38.72999954223633,39.43000030517578,39.16999816894531,13348200.0,37.860443115234375,XLRE
2020-03-06,38.65999984741211,37.2400016784668,38.31999969482422,38.5,16942300.0,37.21284484863281,XLRE
2020-03-09,36.959999084472656,35.75,36.45000076293945,35.779998779296875,12791800.0,34.58378601074219,XLRE
2020-03-10,37.58000183105469,35.400001525878906,36.70000076293945,37.52000045776367,18902400.0,36.26560974121094,XLRE
2020-03-11,36.66999816894531,35.150001525878906,36.61000061035156,35.5099983215332,16089100.0,34.32280731201172,XLRE
2020-03-12,34.58000183105469,28.0,33.2599983215332,32.459999084472656,9058600.0,31.374780654907227,XLRE
2020-03-13,35.36000061035156,32.529998779296875,34.16999816894531,35.310001373291016,9694900.0,34.12950134277344,XLRE
2020-03-16,32.65999984741211,29.43000030517578,31.799999237060547,29.65999984741211,5840100.0,28.66839027404785,XLRE
2020-03-17,32.290000915527344,29.440000534057617,30.110000610351562,31.459999084472656,7267800.0,30.40821075439453,XLRE
2020-03-18,30.8700008392334,28.3700008392334,29.600000381469727,29.25,12255800.0,28.272098541259766,XLRE
2020-03-19,29.540000915527344,28.0,28.81999969482422,28.790000915527344,13526100.0,27.827478408813477,XLRE
2020-03-20,29.600000381469727,26.969999313354492,28.950000762939453,27.15999984741211,16549800.0,26.25197410583496,XLRE
2020-03-23,26.920000076293945,24.8799991607666,26.8799991607666,25.459999084472656,28171300.0,24.793203353881836,XLRE
2020-03-24,27.770000457763672,26.219999313354492,26.6299991607666,27.68000030517578,15346800.0,26.955062866210938,XLRE
2020-03-25,30.43000030517578,27.479999542236328,27.8799991607666,28.90999984741211,18863500.0,28.152851104736328,XLRE
2020-03-26,31.260000228881836,28.959999084472656,29.15999984741211,31.1299991607666,17228600.0,30.314706802368164,XLRE
2020-03-27,31.950000762939453,30.149999618530273,30.170000076293945,31.209999084472656,11840800.0,30.39261245727539,XLRE
2020-03-30,32.18000030517578,30.690000534057617,31.3799991607666,32.02000045776367,10377700.0,31.181398391723633,XLRE
2020-03-31,31.84000015258789,30.270000457763672,31.790000915527344,31.0,9015800.0,30.188112258911133,XLRE
2020-04-01,29.6200008392334,28.479999542236328,29.600000381469727,29.1200008392334,11255400.0,28.357351303100586,XLRE
2020-04-02,29.969999313354492,28.760000228881836,28.780000686645508,29.549999237060547,11021700.0,28.776086807250977,XLRE
2020-04-03,29.799999237060547,28.770000457763672,29.34000015258789,29.299999237060547,7984100.0,28.532634735107422,XLRE
2020-04-06,31.549999237060547,30.40999984741211,30.40999984741211,31.420000076293945,9514500.0,30.59711265563965,XLRE
2020-04-07,32.9900016784668,31.40999984741211,32.68000030517578,31.43000030517578,19488600.0,30.60685157775879,XLRE
2020-04-08,33.970001220703125,31.5,31.84000015258789,33.790000915527344,27207800.0,32.90504455566406,XLRE
2020-04-09,35.95000076293945,34.349998474121094,34.400001525878906,35.529998779296875,49899800.0,34.59947204589844,XLRE
2020-04-13,35.38999938964844,33.69499969482422,35.33000183105469,33.900001525878906,9877300.0,33.01216506958008,XLRE
2020-04-14,35.189998626708984,34.59000015258789,34.59000015258789,35.029998779296875,6720300.0,34.11256790161133,XLRE
2020-04-15,34.380001068115234,33.38999938964844,34.11000061035156,33.68000030517578,5378900.0,32.79792404174805,XLRE
2020-04-16,34.02000045776367,33.26499938964844,33.72999954223633,33.459999084472656,4372800.0,32.583683013916016,XLRE
2020-04-17,34.70000076293945,33.959999084472656,34.349998474121094,34.540000915527344,6540400.0,33.635398864746094,XLRE
2020-04-20,34.060001373291016,33.2599983215332,33.93000030517578,33.2599983215332,5773900.0,32.38892364501953,XLRE
2020-04-21,33.0099983215332,32.369998931884766,32.47999954223633,32.77000045776367,7839500.0,31.91175651550293,XLRE
2020-04-22,33.63999938964844,33.02000045776367,33.27000045776367,33.34000015258789,5386000.0,32.46683120727539,XLRE
2020-04-23,33.619998931884766,32.88999938964844,33.400001525878906,32.959999084472656,6367800.0,32.096778869628906,XLRE
2020-04-24,33.23099899291992,32.71500015258789,33.130001068115234,33.08000183105469,5142700.0,32.21363830566406,XLRE
2020-04-27,34.15999984741211,33.349998474121094,33.349998474121094,34.040000915527344,4024200.0,33.14849853515625,XLRE
2020-04-28,35.02000045776367,34.040000915527344,34.63999938964844,34.06999969482422,5955000.0,33.177711486816406,XLRE
2020-04-29,34.869998931884766,34.13999938964844,34.7599983215332,34.15999984741211,6095100.0,33.26535415649414,XLRE
2020-04-30,34.04999923706055,33.369998931884766,33.709999084472656,33.91999816894531,6837500.0,33.03163528442383,XLRE
2020-05-01,33.310001373291016,32.68000030517578,33.09000015258789,32.880001068115234,5724300.0,32.01887893676758,XLRE
2020-05-04,32.88999938964844,32.09000015258789,32.59000015258789,32.86000061035156,6816600.0,31.999401092529297,XLRE
2020-05-05,33.50899887084961,33.025001525878906,33.13999938964844,33.06999969482422,4899400.0,32.20389938354492,XLRE
2020-05-06,33.31999969482422,32.459999084472656,33.16999816894531,32.459999084472656,4609500.0,31.609872817993164,XLRE
2020-05-07,33.15999984741211,32.560001373291016,32.779998779296875,32.75,4927700.0,31.89227867126465,XLRE
2020-05-08,33.45000076293945,33.040000915527344,33.130001068115234,33.349998474121094,4428800.0,32.476566314697266,XLRE
2020-05-11,33.45000076293945,32.779998779296875,32.9900016784668,32.95000076293945,4566400.0,32.087039947509766,XLRE
2020-05-12,33.11000061035156,31.530000686645508,33.08000183105469,31.549999237060547,16049400.0,30.723709106445312,XLRE
2020-05-13,31.739999771118164,30.895000457763672,31.3700008392334,31.049999237060547,5131500.0,30.23680305480957,XLRE
2020-05-14,31.09000015258789,30.030000686645508,30.649999618530273,31.09000015258789,8269300.0,30.275754928588867,XLRE
2020-05-15,30.989999771118164,30.389999389648438,30.8700008392334,30.979999542236328,7482800.0,30.168636322021484,XLRE
2020-05-18,32.75,31.90999984741211,31.90999984741211,32.4900016784668,6286400.0,31.639089584350586,XLRE
2020-05-19,32.439998626708984,31.860000610351562,32.31999969482422,31.860000610351562,5799300.0,31.025590896606445,XLRE
2020-05-20,32.25,31.90999984741211,32.20000076293945,32.15999984741211,4041700.0,31.317731857299805,XLRE
2020-05-21,32.27000045776367,31.760000228881836,32.04999923706055,32.0,4289000.0,31.161924362182617,XLRE
2020-05-22,32.720001220703125,31.8799991607666,32.029998779296875,32.70000076293945,4743200.0,31.843589782714844,XLRE
2020-05-26,33.970001220703125,33.345001220703125,33.72999954223633,33.7400016784668,5756600.0,32.85635757446289,XLRE
2020-05-27,34.459999084472656,33.599998474121094,34.43000030517578,34.459999084472656,5779800.0,33.5574951171875,XLRE
2020-05-28,34.90999984741211,34.439998626708984,34.86000061035156,34.849998474121094,5281400.0,33.937278747558594,XLRE
2020-05-29,34.81999969482422,34.310001373291016,34.619998931884766,34.650001525878906,7830900.0,33.742523193359375,XLRE
2020-06-01,35.60499954223633,34.52000045776367,34.619998931884766,35.34000015258789,5275600.0,34.41444778442383,XLRE
2020-06-02,35.709999084472656,35.15999984741211,35.560001373291016,35.56999969482422,4613100.0,34.638423919677734,XLRE
2020-06-03,36.625,35.83000183105469,35.88999938964844,36.41999816894531,3685700.0,35.466163635253906,XLRE
2020-06-04,36.2599983215332,35.459999084472656,36.2400016784668,35.7400016784668,3692400.0,34.80397415161133,XLRE
2020-06-05,37.29999923706055,36.709999084472656,36.869998931884766,37.04999923706055,5313700.0,36.07966232299805,XLRE
2020-06-08,37.86000061035156,37.380001068115234,37.439998626708984,37.86000061035156,4384200.0,36.86845016479492,XLRE
2020-06-09,37.599998474121094,36.970001220703125,37.310001373291016,37.41999816894531,3636100.0,36.439971923828125,XLRE
2020-06-10,37.43000030517578,36.5,37.2599983215332,36.720001220703125,3956600.0,35.75830841064453,XLRE
2020-06-11,35.720001220703125,34.40999984741211,35.33000183105469,34.45000076293945,17916000.0,33.54775619506836,XLRE
2020-06-12,35.689998626708984,34.65999984741211,35.52000045776367,35.540000915527344,7645100.0,34.609214782714844,XLRE
2020-06-15,36.119998931884766,34.529998779296875,34.58000183105469,35.9900016784668,5146600.0,35.04743194580078,XLRE
2020-06-16,37.20000076293945,35.9900016784668,37.099998474121094,36.59000015258789,6559300.0,35.631710052490234,XLRE
2020-06-17,36.81999969482422,36.150001525878906,36.81999969482422,36.15999984741211,3553800.0,35.21297073364258,XLRE
2020-06-18,35.95000076293945,35.540000915527344,35.900001525878906,35.709999084472656,2261000.0,34.774757385253906,XLRE
2020-06-19,36.25,35.08000183105469,36.220001220703125,35.349998474121094,5057400.0,34.42418670654297,XLRE
2020-06-22,35.10499954223633,34.5099983215332,34.970001220703125,34.97999954223633,2525400.0,34.32605743408203,XLRE
2020-06-23,35.400001525878906,34.79999923706055,35.310001373291016,34.849998474121094,2444900.0,34.198482513427734,XLRE
2020-06-24,34.58000183105469,33.2599983215332,34.45000076293945,33.959999084472656,6262800.0,33.32512283325195,XLRE
2020-06-25,34.34000015258789,33.67399978637695,33.779998779296875,34.31999969482422,3520100.0,33.67839431762695,XLRE
2020-06-26,34.38999938964844,33.650001525878906,34.220001220703125,33.72999954223633,4398900.0,33.09942626953125,XLRE
2020-06-29,34.310001373291016,33.630001068115234,34.0099983215332,34.310001373291016,4052700.0,33.668582916259766,XLRE
2020-06-30,34.97999954223633,34.290000915527344,34.380001068115234,34.810001373291016,3639000.0,34.159236907958984,XLRE
2020-07-01,35.869998931884766,34.875,34.95000076293945,35.7599983215332,5182500.0,35.09147262573242,XLRE
2020-07-02,36.31999969482422,35.5099983215332,36.290000915527344,35.63999938964844,2586000.0,34.973716735839844,XLRE
2020-07-06,36.36000061035156,35.612998962402344,36.25,35.68000030517578,3206300.0,35.01297378540039,XLRE
2020-07-07,35.529998779296875,35.09000015258789,35.380001068115234,35.099998474121094,2668600.0,34.443809509277344,XLRE
2020-07-08,35.31999969482422,34.77000045776367,35.209999084472656,35.08000183105469,11063900.0,34.424190521240234,XLRE
2020-07-09,35.099998474121094,34.400001525878906,35.0099983215332,34.959999084472656,6024700.0,34.30643081665039,XLRE
2020-07-10,35.18000030517578,34.81999969482422,34.959999084472656,35.0,5978400.0,34.34568405151367,XLRE
2020-07-13,35.189998626708984,34.36000061035156,35.119998931884766,34.45000076293945,10021700.0,33.805965423583984,XLRE
2020-07-14,34.900001525878906,34.400001525878906,34.4900016784668,34.790000915527344,6206300.0,34.139610290527344,XLRE
2020-07-15,35.369998931884766,34.755001068115234,35.25,34.95000076293945,7492500.0,34.2966194152832,XLRE
2020-07-16,34.970001220703125,34.45500183105469,34.810001373291016,34.540000915527344,3339300.0,33.894283294677734,XLRE
2020-07-17,35.189998626708984,34.5099983215332,34.689998626708984,35.02000045776367,8696300.0,34.36531066894531,XLRE
2020-07-20,35.2400016784668,34.56999969482422,35.04999923706055,34.689998626708984,2792300.0,34.04147720336914,XLRE
2020-07-21,35.09000015258789,34.599998474121094,35.0099983215332,34.70000076293945,5930700.0,34.051292419433594,XLRE
2020-07-22,35.130001068115234,34.43000030517578,34.650001525878906,35.119998931884766,21831500.0,34.46343994140625,XLRE
2020-07-23,35.25,34.560001373291016,35.060001373291016,34.939998626708984,9896100.0,34.286800384521484,XLRE
2020-07-24,35.099998474121094,34.72999954223633,34.880001068115234,34.79999923706055,3388800.0,34.14942169189453,XLRE
2020-07-27,35.22999954223633,34.459999084472656,34.81999969482422,35.209999084472656,3487800.0,34.5517578125,XLRE
2020-07-28,36.097999572753906,35.119998931884766,35.20000076293945,35.91999816894531,3591000.0,35.24848175048828,XLRE
2020-07-29,36.599998474121094,36.029998779296875,36.04999923706055,36.599998474121094,3072600.0,35.915771484375,XLRE
2020-07-30,36.31999969482422,35.81999969482422,36.130001068115234,36.29999923706055,3104000.0,35.62137985229492,XLRE
2020-07-31,36.31999969482422,35.7400016784668,36.25,36.2599983215332,4594400.0,35.58212661743164,XLRE
2020-08-03,36.18000030517578,35.584999084472656,36.130001068115234,35.68000030517578,4743600.0,35.01297378540039,XLRE
2020-08-04,36.32500076293945,35.63999938964844,35.689998626708984,36.209999084472656,4030600.0,35.533058166503906,XLRE
2020-08-05,36.43000030517578,35.84000015258789,36.349998474121094,35.939998626708984,2729100.0,35.26810836791992,XLRE
2020-08-06,36.06999969482422,35.744998931884766,35.869998931884766,36.0099983215332,2887800.0,35.33679962158203,XLRE
2020-08-07,36.525001525878906,35.849998474121094,35.86000061035156,36.5,4065400.0,35.8176383972168,XLRE
2020-08-10,36.66999816894531,36.290000915527344,36.58000183105469,36.439998626708984,2986400.0,35.75876235961914,XLRE
2020-08-11,36.75,35.617000579833984,36.75,35.7400016784668,5520100.0,35.07184982299805,XLRE
2020-08-12,36.279998779296875,35.84000015258789,36.0,36.189998626708984,4035200.0,35.51343536376953,XLRE
2020-08-13,36.36000061035156,35.72999954223633,36.09000015258789,35.77000045776367,4096600.0,35.101287841796875,XLRE
2020-08-14,36.130001068115234,35.71200180053711,35.75,35.86000061035156,2416800.0,35.189605712890625,XLRE
2020-08-17,36.18000030517578,35.736000061035156,35.849998474121094,36.18000030517578,2824900.0,35.50362014770508,XLRE
2020-08-18,36.26499938964844,35.90999984741211,36.25,36.13999938964844,2603600.0,35.46437072753906,XLRE
2020-08-19,36.22999954223633,35.349998474121094,36.209999084472656,35.400001525878906,4328900.0,34.73820877075195,XLRE
2020-08-20,35.94499969482422,35.16999816894531,35.2599983215332,35.779998779296875,3032800.0,35.11109924316406,XLRE
2020-08-21,35.9900016784668,35.441001892089844,35.869998931884766,35.900001525878906,2155700.0,35.228858947753906,XLRE
2020-08-24,35.970001220703125,35.43000030517578,35.95000076293945,35.95000076293945,3438400.0,35.277923583984375,XLRE
2020-08-25,36.099998474121094,35.74100112915039,36.060001373291016,36.060001373291016,3226600.0,35.385868072509766,XLRE
2020-08-26,36.0099983215332,35.56700134277344,35.959999084472656,35.810001373291016,2231400.0,35.140541076660156,XLRE
2020-08-27,36.400001525878906,35.86000061035156,35.900001525878906,36.290000915527344,3098400.0,35.611568450927734,XLRE
2020-08-28,36.56999969482422,35.9900016784668,36.349998474121094,36.56999969482422,1583700.0,35.88633346557617,XLRE
2020-08-31,36.52000045776367,36.119998931884766,36.52000045776367,36.25,3522700.0,35.57231521606445,XLRE
2020-09-01,36.2400016784668,35.869998931884766,36.13999938964844,36.189998626708984,4280200.0,35.51343536376953,XLRE
2020-09-02,37.040000915527344,35.959999084472656,36.2400016784668,37.0,4663200.0,36.308292388916016,XLRE
2020-09-03,37.20000076293945,36.11000061035156,36.95000076293945,36.380001068115234,8943100.0,35.699886322021484,XLRE
2020-09-04,36.72999954223633,35.619998931884766,36.5,36.25,9308100.0,35.57231521606445,XLRE
2020-09-08,36.099998474121094,35.52000045776367,36.0099983215332,35.790000915527344,6823000.0,35.120914459228516,XLRE
2020-09-09,36.66999816894531,35.959999084472656,36.029998779296875,36.18000030517578,4081600.0,35.50362014770508,XLRE
2020-09-10,36.25,35.650001525878906,36.13999938964844,35.66999816894531,6048400.0,35.00315475463867,XLRE
2020-09-11,35.86000061035156,35.290000915527344,35.77000045776367,35.54999923706055,5445000.0,34.885398864746094,XLRE
2020-09-14,36.513999938964844,35.790000915527344,35.790000915527344,36.41999816894531,3205600.0,35.7391357421875,XLRE
2020-09-15,37.2400016784668,36.4900016784668,36.52000045776367,36.900001525878906,2947800.0,36.21016311645508,XLRE
2020-09-16,37.51499938964844,36.959999084472656,37.08000183105469,37.13999938964844,3545400.0,36.445674896240234,XLRE
2020-09-17,37.060001373291016,36.07400131225586,36.81999969482422,36.31999969482422,3656800.0,35.64100646972656,XLRE
2020-09-18,36.34000015258789,35.529998779296875,36.34000015258789,35.599998474121094,6254300.0,34.93446350097656,XLRE
2020-09-21,35.040000915527344,34.255001068115234,34.9900016784668,34.439998626708984,6227100.0,33.999576568603516,XLRE
2020-09-22,35.130001068115234,34.47999954223633,34.529998779296875,34.849998474121094,4578000.0,34.40433120727539,XLRE
2020-09-23,34.86000061035156,33.79499816894531,34.790000915527344,33.849998474121094,4330800.0,33.41712188720703,XLRE
2020-09-24,34.45000076293945,33.7400016784668,33.869998931884766,34.0099983215332,4926400.0,33.5750732421875,XLRE
2020-09-25,34.709999084472656,33.81999969482422,33.880001068115234,34.66999816894531,2765000.0,34.22663497924805,XLRE
2020-09-28,35.41999816894531,35.060001373291016,35.119998931884766,35.27000045776367,2802800.0,34.81896209716797,XLRE
2020-09-29,35.31999969482422,34.880001068115234,35.16999816894531,35.09000015258789,2217600.0,34.641265869140625,XLRE
2020-09-30,35.599998474121094,34.91999816894531,35.2599983215332,35.27000045776367,4386100.0,34.81896209716797,XLRE
2020-10-01,35.86000061035156,35.16999816894531,35.400001525878906,35.849998474121094,5842200.0,35.391544342041016,XLRE
2020-10-02,36.540000915527344,35.290000915527344,35.310001373291016,36.43000030517578,4494600.0,35.96413040161133,XLRE
2020-10-05,36.68000030517578,35.8849983215332,36.529998779296875,36.630001068115234,2185900.0,36.16157150268555,XLRE
2020-10-06,36.83000183105469,36.189998626708984,36.72999954223633,36.31999969482422,4225600.0,35.855533599853516,XLRE
2020-10-07,36.654998779296875,36.290000915527344,36.560001373291016,36.41999816894531,2158300.0,35.954254150390625,XLRE
2020-10-08,37.209999084472656,36.599998474121094,36.650001525878906,37.029998779296875,2208700.0,36.556453704833984,XLRE
2020-10-09,37.25,36.78900146484375,37.2400016784668,36.93000030517578,2617400.0,36.45773696899414,XLRE
2020-10-12,37.20000076293945,36.7599983215332,37.0,37.119998931884766,2747100.0,36.64530563354492,XLRE
2020-10-13,37.0,36.279998779296875,37.0,36.4900016784668,4258700.0,36.02336502075195,XLRE
2020-10-14,36.54999923706055,36.02000045776367,36.540000915527344,36.06999969482422,7041600.0,35.608734130859375,XLRE
2020-10-15,36.540000915527344,35.83000183105469,35.849998474121094,36.2400016784668,3691200.0,35.77656173706055,XLRE
2020-10-16,36.34000015258789,35.9900016784668,36.27000045776367,36.11000061035156,2730500.0,35.64822006225586,XLRE
2020-10-19,36.33000183105469,35.5,36.189998626708984,35.540000915527344,3782500.0,35.08551025390625,XLRE
2020-10-20,36.03499984741211,35.68000030517578,35.7400016784668,35.779998779296875,5962200.0,35.32244110107422,XLRE
2020-10-21,35.869998931884766,35.560001373291016,35.66999816894531,35.650001525878906,3566700.0,35.1941032409668,XLRE
2020-10-22,35.689998626708984,35.334999084472656,35.63999938964844,35.400001525878906,3013900.0,34.947303771972656,XLRE
2020-10-23,35.72999954223633,35.345001220703125,35.540000915527344,35.630001068115234,2194100.0,35.17436218261719,XLRE
2020-10-26,35.36000061035156,34.869998931884766,35.36000061035156,35.20000076293945,3322600.0,34.74985885620117,XLRE
2020-10-27,35.439998626708984,34.75,35.2599983215332,34.75,2760300.0,34.30561447143555,XLRE
2020-10-28,34.56999969482422,33.83000183105469,34.189998626708984,33.97999954223633,5331500.0,33.54545974731445,XLRE
2020-10-29,34.65999984741211,33.7400016784668,34.060001373291016,34.369998931884766,4989600.0,33.93046951293945,XLRE
2020-10-30,34.369998931884766,33.709999084472656,34.15999984741211,34.150001525878906,5662400.0,33.713287353515625,XLRE
2020-11-02,34.9900016784668,34.290000915527344,34.529998779296875,34.9900016784668,5349800.0,34.542545318603516,XLRE
2020-11-03,35.7599983215332,35.15999984741211,35.27000045776367,35.540000915527344,4895700.0,35.08551025390625,XLRE
2020-11-04,36.29999923706055,35.45000076293945,35.689998626708984,35.63999938964844,5642500.0,35.18423080444336,XLRE
2020-11-05,36.119998931884766,35.611000061035156,35.91999816894531,35.77000045776367,4718500.0,35.31256866455078,XLRE
2020-11-06,36.05500030517578,35.5,35.79999923706055,35.630001068115234,4562400.0,35.17436218261719,XLRE
2020-11-09,39.11000061035156,36.47999954223633,37.349998474121094,36.56999969482422,11855500.0,36.10233688354492,XLRE
2020-11-10,36.9900016784668,36.459999084472656,36.619998931884766,36.77000045776367,9593400.0,36.299781799316406,XLRE
2020-11-11,37.27000045776367,36.66999816894531,36.959999084472656,37.04999923706055,6219300.0,36.57619857788086,XLRE
2020-11-12,37.165000915527344,36.45000076293945,36.939998626708984,36.66999816894531,5034500.0,36.20105743408203,XLRE
2020-11-13,37.599998474121094,36.869998931884766,36.869998931884766,37.5099983215332,3078700.0,37.03031539916992,XLRE
2020-11-16,38.27000045776367,37.29999923706055,38.189998626708984,37.75,4066500.0,37.267250061035156,XLRE
2020-11-17,37.90999984741211,37.2400016784668,37.52000045776367,37.77000045776367,4501200.0,37.28699493408203,XLRE
2020-11-18,38.14500045776367,37.11000061035156,37.79999923706055,37.130001068115234,4579100.0,36.65517807006836,XLRE
2020-11-19,37.2599983215332,36.68000030517578,37.08000183105469,37.189998626708984,4583900.0,36.71440887451172,XLRE
2020-11-20,37.25,36.810001373291016,37.2400016784668,36.939998626708984,2799000.0,36.46760559082031,XLRE
2020-11-23,37.220001220703125,36.755001068115234,37.150001525878906,36.81999969482422,4084700.0,36.34914016723633,XLRE
2020-11-24,37.369998931884766,36.757999420166016,37.2400016784668,36.79999923706055,3201500.0,36.32939529418945,XLRE
2020-11-25,36.970001220703125,36.56999969482422,36.869998931884766,36.88999938964844,3553300.0,36.41824722290039,XLRE
2020-11-27,37.060001373291016,36.66999816894531,37.060001373291016,36.81999969482422,1791100.0,36.34914016723633,XLRE
2020-11-30,36.79999923706055,36.32500076293945,36.79999923706055,36.5,4225200.0,36.033233642578125,XLRE
2020-12-01,37.0880012512207,36.790000915527344,36.869998931884766,36.959999084472656,4492400.0,36.48735046386719,XLRE
2020-12-02,37.09000015258789,36.540000915527344,36.86000061035156,36.56999969482422,3019100.0,36.10233688354492,XLRE
2020-12-03,37.02000045776367,36.599998474121094,36.63999938964844,36.84000015258789,2953400.0,36.3688850402832,XLRE
2020-12-04,37.349998474121094,37.0099983215332,37.04999923706055,37.33000183105469,3325500.0,36.852622985839844,XLRE
2020-12-07,37.36000061035156,36.834999084472656,37.279998779296875,36.959999084472656,3027800.0,36.48735046386719,XLRE
2020-12-08,37.040000915527344,36.77000045776367,36.81999969482422,36.790000915527344,2184100.0,36.31952667236328,XLRE
2020-12-09,36.86000061035156,36.220001220703125,36.83000183105469,36.45000076293945,3443200.0,35.9838752746582,XLRE
2020-12-10,36.599998474121094,36.13999938964844,36.310001373291016,36.25,2687300.0,35.78643035888672,XLRE
2020-12-11,36.279998779296875,35.849998474121094,36.099998474121094,36.27000045776367,2340600.0,35.806175231933594,XLRE
2020-12-14,36.79499816894531,35.9900016784668,36.58000183105469,36.0099983215332,3412600.0,35.54949951171875,XLRE
2020-12-15,36.63999938964844,35.939998626708984,36.20000076293945,36.63999938964844,2593200.0,36.171443939208984,XLRE
2020-12-16,36.904998779296875,36.43899917602539,36.709999084472656,36.650001525878906,2919300.0,36.18131637573242,XLRE
2020-12-17,37.130001068115234,36.7400016784668,36.849998474121094,37.08000183105469,2124200.0,36.60581970214844,XLRE
2020-12-18,37.130001068115234,36.17499923706055,37.11000061035156,36.439998626708984,4150700.0,35.9739990234375,XLRE
2020-12-21,35.7400016784668,35.29999923706055,35.529998779296875,35.650001525878906,5463900.0,35.650001525878906,XLRE
2020-12-22,35.900001525878906,35.529998779296875,35.68000030517578,35.900001525878906,1673100.0,35.900001525878906,XLRE
2020-12-23,36.21799850463867,35.560001373291016,36.02000045776367,35.560001373291016,1965300.0,35.560001373291016,XLRE
2020-12-24,35.90999984741211,35.68000030517578,35.70000076293945,35.90999984741211,1600000.0,35.90999984741211,XLRE
2020-12-28,36.22999954223633,35.86000061035156,36.029998779296875,36.20000076293945,2955500.0,36.20000076293945,XLRE
2020-12-29,36.5099983215332,35.91999816894531,36.36000061035156,35.91999816894531,2212200.0,35.91999816894531,XLRE
2020-12-30,36.38999938964844,35.935001373291016,36.0099983215332,36.119998931884766,2365000.0,36.119998931884766,XLRE
